id,published_line_ref,0_hour,1_hour,2_hour,3_hour,4_hour,5_hour,6_hour,7_hour,8_hour,9_hour,10_hour,11_hour,12_hour,13_hour,14_hour,15_hour,16_hour,17_hour,18_hour,19_hour,20_hour,21_hour,22_hour,23_hour,total_avg
1,M3,0.0,0.0,0.0,0.0,0.0,0.0,0.0,0.0,0.0,0.0,0.0,0.0,0.0,0.0,0.0,0.0,0.0,0.0,0.0,0.0,0.0,0.0,0.0,0.0,0.0
2,B1,1.11111,2.0,0.0,0.0,0.0,0.0,0.0,0.0,10.5882,9.67647,12.265,14.3672,14.4878,11.8473,13.5789,13.6982,15.7643,14.8832,14.4274,12.952,7.45038,8.29114,2.69565,5.76,12.6351
3,BxM6,0.0,0.0,0.0,0.0,0.0,0.0,0.0,0.0,0.0,0.0,0.0,0.0,0.0,0.0,0.0,0.0,0.0,0.0,0.0,0.0,0.0,0.0,0.0,0.0,0.0
4,SIM10,0.0,0.0,0.0,0.0,7.12105,10.3272,8.86034,6.61088,7.15521,5.40541,0.0,0.0,0.0,0.0,11.3268,10.168,8.69704,8.18533,6.50887,5.43341,1.6,0.0,0.0,0.0,8.17859
5,B44,8.56546,4.66316,3.68465,4.33206,6.42073,7.43373,9.33763,11.2069,12.4075,9.4523,9.70946,10.0775,10.6655,12.4856,14.8059,13.922,14.1078,13.7321,10.5809,9.41064,8.11273,6.54178,6.9386,7.59052,10.5697
6,Q12,5.58333,0.0,0.0,0.0,3.0,10.1667,10.0,13.6,13.1765,11.0217,8.61539,4.79412,8.2381,6.34694,16.6,7.02381,13.8409,9.84746,10.7818,10.5652,7.56757,6.91071,8.45912,8.22727,9.01676
7,Bx5,0.0,0.0,0.0,0.0,0.0,15.7857,12.65,11.1176,13.2759,12.1111,10.8372,14.0465,18.2222,19.0476,17.3243,25.3875,21.1791,23.6061,19.1449,10.4769,14.7647,11.5,10.8889,0.0,17.13
8,M1,0.0,0.0,0.0,0.0,0.0,0.0,0.0,0.0,0.0,0.0,0.0,0.0,0.0,0.0,0.0,0.0,0.0,0.0,0.0,0.0,0.0,0.0,0.0,0.0,0.0
9,Bx21,0.0,0.0,0.0,0.0,0.0,0.0,0.0,0.0,0.0,0.0,0.0,0.0,0.0,0.0,0.0,0.0,0.0,0.0,0.0,0.0,0.0,0.0,0.0,0.0,0.0
10,QM24,0.0,0.0,0.0,0.0,0.0,0.0,0.0,0.0,0.0,0.0,0.0,0.0,0.0,0.0,0.0,0.0,0.0,0.0,0.0,0.0,0.0,0.0,0.0,0.0,0.0
11,Q112,0.0,0.0,0.0,0.0,0.0,0.0,0.0,0.0,0.0,0.0,0.0,0.0,0.0,0.0,0.0,0.0,0.0,0.0,0.0,0.0,0.0,0.0,0.0,0.0,0.0
12,Q8,0.0,0.0,0.0,0.0,0.0,5.85714,13.5366,10.8056,14.5185,5.8,9.21053,8.82353,11.48,7.16667,8.0,0.0,0.0,0.0,0.0,0.0,0.0,0.0,0.0,0.0,10.7847
13,Q47,7.64706,2.57143,0.0,0.0,0.0,8.81383,6.97826,7.86429,6.9383,8.56536,6.94059,6.07692,6.90071,8.59214,8.76888,9.29799,8.10468,7.97143,6.38476,7.66147,4.9193,5.52222,4.08397,5.78571,7.44948
14,Bx6-SBS,0.0,0.0,0.0,0.0,0.0,8.29612,11.9771,14.0935,15.5616,10.4491,9.94209,12.0699,13.7806,17.8452,19.0236,19.8854,23.6289,23.6327,16.2443,13.0822,9.47257,8.85689,11.4286,0.0,15.4582
15,Bx36,11.5752,9.58378,7.87671,3.48276,6.55224,11.9634,11.5148,14.1058,17.4652,12.3489,14.7718,19.7324,22.7546,22.9182,22.4018,17.808,18.0446,19.7482,15.6662,14.3772,13.6395,11.3151,9.97053,8.53713,16.5456
16,Bx6,9.9,5.72368,13.6667,13.7094,13.713,16.6056,12.4526,12.0095,14.3742,10.4124,10.7491,13.24,18.4048,19.3761,20.9397,18.3589,24.3605,24.4274,17.3953,11.8906,9.03836,13.7774,14.8241,12.902,15.7172
17,Bx35,5.76429,4.5493,2.9,2.80435,6.89333,12.0281,13.1773,16.6805,17.2727,15.6328,14.2542,15.877,17.545,19.3547,19.8405,17.9987,17.9901,20.4003,18.307,17.1451,13.7206,9.79822,8.43865,9.77108,16.0353
18,B35,5.85407,4.77812,6.13939,4.34463,9.22433,12.7904,14.0067,12.6503,14.3689,13.189,13.1482,14.7069,16.2603,18.4306,18.7877,18.6413,19.0538,19.2104,14.7565,12.2219,9.92012,7.64703,7.24138,7.35674,14.5879
19,Bx19,9.25463,6.31776,9.47305,9.42935,11.3949,14.6786,13.8298,15.4675,19.7091,15.8841,17.0801,19.5801,20.2367,21.7122,22.8163,24.1637,23.7069,24.5565,19.5236,15.8005,13.7819,13.2302,12.1152,13.2975,18.6304
20,Bx39,8.80282,5.19118,4.66142,3.72848,7.40191,10.7456,10.29,12.0892,12.4556,14.0788,14.7646,14.6076,20.629,23.4244,23.5759,22.1477,18.8216,17.5766,15.6178,12.5388,11.7671,9.4813,8.67969,8.57619,15.3944
21,Bx2,11.0,0.0,0.0,0.0,0.0,5.45455,5.96,9.26923,17.5405,15.4198,10.62,19.2237,21.15,20.4098,24.7556,20.3467,17.4953,17.0802,10.7976,11.594,8.7375,15.1429,10.7241,9.28571,16.67
22,Bx40,3.0,0.0,0.0,2.44444,6.06,12.6119,9.0,19.1031,14.6226,17.0978,19.6197,17.5132,17.939,13.1053,21.016,22.4846,24.9485,18.5435,17.9623,13.459,13.4912,9.76316,21.8462,11.3077,16.6152
23,Bx1,5.18182,8.30612,8.76,9.75385,11.1959,10.3846,7.07143,12.28,13.6111,21.3793,21.3158,19.5741,18.6154,19.2353,9.77419,17.0,21.7129,19.6836,17.4787,12.4726,7.8785,8.14685,8.32184,6.77143,13.9578
24,Bx22,6.93103,3.25,0.0,0.0,0.0,8.72222,13.3111,10.4918,16.7812,12.9464,24.3889,17.3226,20.2927,17.6,24.0545,27.4091,15.8477,20.6977,16.9851,9.97436,12.1189,13.3516,15.243,13.2235,15.7379
25,Bx42,8.52632,4.4,0.0,0.0,0.0,7.08333,11.7895,19.8571,22.3846,28.1455,24.92,15.6491,20.2609,21.8537,15.1471,15.9301,21.8992,12.5288,21.1404,16.7528,9.70588,9.32353,9.5,4.0,17.0525
26,Bx15,12.7727,9.24242,5.5,7.80645,8.57143,12.25,25.5946,21.8852,15.0,12.6866,19.15,25.102,14.7442,13.8485,16.8088,17.8012,16.1161,20.568,20.6908,12.3706,16.1382,15.2533,12.8026,12.7368,16.3878
27,Bx12,0.0,0.0,0.0,0.0,0.0,0.0,0.0,16.5714,14.3478,6.88889,15.7,0.0,0.0,0.0,6.6,12.48,11.9167,0.0,0.0,0.0,0.0,0.0,0.0,0.0,11.6455
28,Bx41,5.0,7.625,11.875,11.25,11.0588,5.875,11.0769,10.8333,0.0,0.0,0.0,0.0,11.0,0.0,0.0,16.0714,0.0,9.625,14.0,16.8,9.2,7.41379,0.0,5.0,10.5665
29,Bx9,0.0,0.0,0.0,0.0,0.0,3.33333,10.6875,13.3692,14.3387,12.3214,19.5067,20.1124,19.241,23.6951,23.2441,18.2775,18.0611,17.6585,16.1773,13.7085,13.5323,13.663,16.7407,8.97222,17.0316
30,Bx4A,0.0,0.0,0.0,0.0,0.0,6.28571,7.91026,9.0,12.0789,16.6667,15.3111,13.6579,15.2295,25.3061,19.2658,18.5476,23.8293,18.8889,16.9224,8.82065,8.70238,6.96581,5.31373,14.0833,14.0591
31,Bx4,7.27103,4.46186,3.82883,4.27933,5.63256,7.72816,11.2432,10.7115,18.3871,18.9672,14.7547,17.4762,16.2162,15.0833,15.2766,13.8542,20.3094,22.4643,13.3198,9.79365,12.1346,7.21739,7.30337,5.25874,9.84942
32,Q59,3.34969,2.97183,3.69767,4.83041,5.05738,7.96712,11.2095,10.6214,10.5289,7.95732,8.61653,7.50808,8.14767,10.3949,11.6769,11.3701,12.3013,12.2148,9.00081,7.36476,6.2167,6.73103,5.60192,4.95053,9.37083
33,SIM22,0.0,0.0,0.0,0.0,0.0,10.59,9.89778,6.67518,5.23841,5.67391,2.33333,0.0,0.0,0.0,0.0,11.3398,7.77828,5.17557,5.36994,3.57857,2.44444,0.0,0.0,0.0,6.88122
34,SIM3,0.0,0.0,0.0,0.0,0.0,13.1513,8.5303,5.93502,5.25234,3.61453,2.54167,0.0,0.0,2.0,2.66667,8.67172,6.20661,5.76437,5.31698,2.91429,0.0,0.0,0.0,0.0,6.50816
35,X68,0.0,0.0,0.0,0.0,0.0,0.0,7.37857,6.19858,5.08974,4.19492,2.13333,0.0,0.0,0.0,0.0,0.0,9.50286,9.0365,6.47529,4.97403,3.16327,1.0,0.0,0.0,6.60587
36,X63,0.0,0.0,0.0,0.0,0.0,9.68421,10.1071,5.87156,5.14043,3.65714,0.0,0.0,0.0,0.0,0.0,7.4,9.95349,6.87019,5.56695,4.23944,2.32075,0.0,0.0,0.0,6.11131
37,X64,0.0,0.0,0.0,0.0,0.0,7.55556,11.9103,4.54605,3.42614,2.225,0.0,0.0,0.0,0.0,0.0,0.0,9.65823,8.5,3.984,4.4878,2.0,0.0,0.0,0.0,5.45859
38,SIM4,0.0,0.0,0.0,0.0,0.0,7.625,7.5768,5.95267,5.24403,6.28155,9.0,0.0,0.0,0.0,0.0,3.0,11.5253,6.08043,5.47256,4.03333,4.0,0.0,0.0,0.0,6.49583
39,B16,0.0,0.0,0.0,0.0,0.0,0.0,0.0,0.0,0.0,0.0,0.0,0.0,0.0,0.0,0.0,0.0,0.0,0.0,0.0,0.0,0.0,0.0,0.0,0.0,0.0
40,X37,0.0,0.0,0.0,0.0,0.0,0.0,7.58571,6.17884,6.06818,5.04396,0.0,0.0,0.0,0.0,0.0,4.2,9.0,6.91512,6.18382,5.67078,3.0,0.0,0.0,0.0,6.50336
41,X28,2.14286,1.0,0.0,0.0,0.0,10.0682,7.02823,4.58268,4.86486,5.25497,3.56306,3.41558,3.78109,4.62562,5.70382,7.03118,5.95699,5.11111,4.28798,4.44008,3.73432,3.2931,3.20312,1.87931,5.15778
42,B4,0.0,0.0,0.0,0.0,0.0,0.0,0.0,0.0,0.0,0.0,0.0,0.0,0.0,0.0,0.0,0.0,0.0,0.0,0.0,0.0,0.0,0.0,0.0,0.0,0.0
43,SIM30,0.0,0.0,0.0,0.0,0.0,10.014,7.24173,6.06335,5.35354,5.09091,0.0,0.0,0.0,0.0,0.0,2.16667,8.17424,5.81331,3.43763,2.95133,1.42857,0.0,0.0,0.0,5.77301
44,X38,0.0,0.0,0.0,0.0,0.0,0.0,5.87065,6.21729,6.4744,6.0,0.0,0.0,0.0,0.0,0.0,6.9,8.73004,7.34699,5.31519,4.55046,0.0,0.0,0.0,0.0,6.46938
45,X27,2.84,1.75,0.0,0.0,0.0,7.29915,6.36538,4.64087,4.12195,4.79737,7.63322,5.25862,3.89552,6.19708,7.15424,9.31507,7.3037,5.26882,3.5858,3.00539,3.01818,4.14865,3.22148,5.91803,5.37069
46,SIM15,0.0,0.0,0.0,0.0,1.0,8.17333,7.00815,5.1485,4.73791,4.39241,3.73684,0.0,0.0,0.0,0.0,6.52703,5.25281,5.16597,3.9424,2.63277,1.8,0.0,0.0,0.0,5.14256
47,B8,0.0,0.0,0.0,0.0,0.0,0.0,0.0,0.0,0.0,0.0,0.0,0.0,0.0,0.0,0.0,0.0,0.0,0.0,0.0,0.0,0.0,0.0,0.0,0.0,0.0
48,B11,0.0,0.0,0.0,0.0,0.0,0.0,0.0,0.0,0.0,0.0,0.0,0.0,0.0,0.0,0.0,0.0,0.0,0.0,0.0,0.0,0.0,0.0,0.0,0.0,0.0
49,B69,0.0,0.0,0.0,0.0,0.0,0.0,0.0,0.0,0.0,0.0,0.0,0.0,0.0,0.0,0.0,0.0,0.0,0.0,0.0,0.0,0.0,0.0,0.0,0.0,0.0
50,SIM26,0.0,0.0,0.0,0.0,9.9375,11.0882,6.96364,4.97309,4.97419,4.77778,0.0,0.0,0.0,0.0,13.7857,9.22528,6.1336,5.66667,3.81609,3.56842,2.67647,2.71429,0.0,0.0,6.63243
51,SIM8X,0.0,0.0,0.0,0.0,0.0,0.0,7.36842,5.8983,4.27907,1.5,0.0,0.0,0.0,0.0,0.0,0.0,4.91892,3.70161,3.30159,2.54386,1.4,0.0,0.0,0.0,4.28499
52,B70,0.0,0.0,0.0,0.0,0.0,0.0,0.0,0.0,0.0,0.0,0.0,0.0,0.0,0.0,0.0,0.0,0.0,0.0,0.0,0.0,0.0,0.0,0.0,0.0,0.0
53,SIM25,0.0,0.0,0.0,0.0,7.92157,10.98,7.10425,5.04594,5.75,3.59091,1.0,0.0,0.0,0.0,0.0,8.58823,6.57269,5.76892,4.92759,4.44311,3.62667,1.25,0.0,0.0,6.28861
54,SIM1,0.0,0.0,0.0,0.0,0.0,7.92,9.29908,7.53222,7.36568,7.32941,0.0,0.0,0.0,0.0,2.72727,12.3037,9.2479,7.62344,6.53107,5.94066,2.21739,0.0,0.0,0.0,8.09575
55,SIM9,0.0,0.0,0.0,0.0,0.0,5.2,6.06829,3.52863,3.37107,3.90909,0.0,0.0,0.0,0.0,4.85714,5.22111,4.43982,3.10309,2.15023,2.10619,1.79167,0.0,0.0,0.0,3.93326
56,B43,0.0,0.0,0.0,0.0,0.0,0.0,0.0,0.0,0.0,0.0,0.0,0.0,0.0,0.0,0.0,0.0,0.0,0.0,0.0,0.0,0.0,0.0,0.0,0.0,0.0
57,SIM31,0.0,0.0,0.0,0.0,0.0,7.43902,9.06897,5.76852,5.75814,5.20879,0.0,0.0,0.0,0.0,0.0,7.32353,10.4667,5.4554,5.4877,4.9397,2.92,0.0,0.0,0.0,6.38308
58,SIM4C,6.58974,3.68421,1.0,0.0,10.413,9.768,2.0,0.0,2.71875,6.71898,4.86853,6.26545,8.0,8.09537,9.25612,9.43271,4.75556,5.59509,3.84659,4.73654,5.71391,4.91139,4.60345,7.62879,6.82421
59,SIM7,0.0,0.0,0.0,0.0,0.0,6.28079,6.47392,5.78674,4.24779,2.63492,0.0,0.0,0.0,0.0,10.6415,7.77517,6.21311,3.87692,3.46585,3.19937,1.95,0.0,0.0,0.0,5.2144
60,SIM5,0.0,0.0,0.0,0.0,1.0,5.23977,6.39665,4.06579,4.81711,4.05128,1.0,0.0,0.0,0.0,0.0,6.93103,5.68025,4.32461,3.10909,2.05634,0.0,0.0,0.0,0.0,4.82116
61,SIM6,0.0,0.0,0.0,0.0,4.1,9.6676,7.98862,6.42755,6.51852,5.62745,3.0,0.0,0.0,0.0,9.27136,9.34661,9.40901,6.4375,4.8629,4.26649,5.03738,2.25,0.0,0.0,7.12938
62,B63,0.0,0.0,0.0,0.0,0.0,0.0,0.0,0.0,0.0,0.0,0.0,0.0,0.0,0.0,0.0,0.0,0.0,0.0,0.0,0.0,0.0,0.0,0.0,0.0,0.0
63,SIM11,0.0,0.0,0.0,0.0,4.84615,10.8976,8.75446,7.0269,5.94681,5.35762,4.75,0.0,0.0,0.0,0.0,7.17341,6.68698,5.68668,4.42415,3.07895,1.0,0.0,0.0,0.0,6.64653
64,SIM34,0.0,0.0,0.0,0.0,5.18182,9.85517,9.81915,6.19413,5.25538,5.24468,1.0,0.0,0.0,0.0,2.0,9.86066,10.7121,8.0443,5.12211,4.01515,0.0,0.0,0.0,0.0,7.43004
65,SIM3C,4.75,2.46154,1.0,0.0,0.0,0.0,0.0,0.0,0.0,3.76471,5.82759,3.47967,3.98286,6.27833,7.85758,7.875,3.2674,4.55414,3.26108,7.02128,5.40409,3.8982,3.33234,7.29493,5.64055
66,SIM33C,7.32075,2.95122,1.66667,0.0,0.0,0.0,3.0,12.3797,9.01923,7.65292,6.30263,5.19951,5.61895,7.14835,9.04125,8.65997,5.40705,5.745,4.71111,5.38679,6.95868,5.74549,5.25255,8.24664,6.79567
67,Bx17,0.0,0.0,0.0,0.0,0.0,0.0,0.0,0.0,0.0,0.0,0.0,0.0,0.0,0.0,0.0,0.0,0.0,0.0,0.0,0.0,0.0,0.0,0.0,0.0,0.0
68,SIM4X,0.0,0.0,0.0,0.0,0.0,0.0,7.03922,4.62963,3.35714,0.0,0.0,0.0,0.0,0.0,0.0,0.0,5.50926,3.58519,2.64935,1.0,0.0,0.0,0.0,0.0,4.37681
69,SIM33,0.0,0.0,0.0,0.0,0.0,8.5098,6.15909,4.51929,3.93088,3.18182,0.0,0.0,0.0,0.0,5.21053,5.15328,4.64951,4.36182,4.48817,3.94712,1.2,0.0,0.0,0.0,4.80884
70,Bx8,0.0,0.0,0.0,0.0,0.0,0.0,0.0,0.0,0.0,0.0,0.0,0.0,0.0,0.0,0.0,0.0,0.0,0.0,0.0,0.0,0.0,0.0,0.0,0.0,0.0
71,Bx31,0.0,0.0,0.0,0.0,0.0,0.0,0.0,0.0,0.0,0.0,0.0,0.0,0.0,0.0,0.0,0.0,0.0,0.0,0.0,0.0,0.0,0.0,0.0,0.0,0.0
72,SIM8,0.0,0.0,0.0,0.0,9.5814,12.0186,7.73519,6.56427,6.4878,5.73039,3.75,0.0,0.0,10.8,16.8024,11.0387,8.04421,6.77449,6.35575,5.18529,5.15827,3.36264,1.625,0.0,7.95698
73,Bx27,0.0,0.0,0.0,0.0,0.0,0.0,0.0,0.0,0.0,0.0,0.0,0.0,0.0,0.0,0.0,0.0,0.0,0.0,0.0,0.0,0.0,0.0,0.0,0.0,0.0
74,Bx11,0.0,0.0,0.0,0.0,0.0,0.0,0.0,0.0,0.0,0.0,0.0,0.0,0.0,0.0,0.0,0.0,0.0,0.0,0.0,0.0,0.0,0.0,0.0,0.0,0.0
75,Bx32,0.0,0.0,0.0,0.0,0.0,0.0,0.0,0.0,0.0,0.0,0.0,0.0,0.0,0.0,0.0,0.0,0.0,0.0,0.0,0.0,0.0,0.0,0.0,0.0,0.0
76,Bx33,0.0,0.0,0.0,0.0,0.0,0.0,0.0,0.0,0.0,0.0,0.0,0.0,0.0,0.0,0.0,0.0,0.0,0.0,0.0,0.0,0.0,0.0,0.0,0.0,0.0
77,Bx46,0.0,0.0,0.0,0.0,0.0,0.0,0.0,0.0,0.0,0.0,0.0,0.0,0.0,0.0,0.0,0.0,0.0,0.0,0.0,0.0,0.0,0.0,0.0,0.0,0.0
78,B61,0.0,0.0,0.0,0.0,0.0,0.0,0.0,0.0,0.0,0.0,0.0,0.0,0.0,0.0,0.0,0.0,0.0,0.0,0.0,0.0,0.0,0.0,0.0,0.0,0.0
79,B67,0.0,0.0,0.0,0.0,0.0,0.0,0.0,0.0,0.0,0.0,0.0,0.0,0.0,0.0,0.0,0.0,0.0,0.0,0.0,0.0,0.0,0.0,0.0,0.0,0.0
80,B9,0.0,0.0,0.0,0.0,0.0,0.0,0.0,0.0,0.0,0.0,0.0,0.0,0.0,0.0,8.0,10.0714,8.17204,6.81818,0.0,0.0,0.0,0.0,0.0,0.0,8.93636
81,B68,0.0,0.0,0.0,0.0,0.0,0.0,0.0,0.0,0.0,0.0,0.0,0.0,0.0,0.0,0.0,0.0,0.0,0.0,0.0,0.0,0.0,0.0,0.0,0.0,0.0
82,M20,1.34483,1.0,0.0,0.0,0.0,0.0,0.0,2.5,2.50847,1.95312,2.03448,2.91935,3.80769,4.10417,4.232,3.99237,5.88983,3.65079,4.0,3.41739,2.86047,1.66667,1.70423,1.37705,3.34085
83,M7,0.0,0.0,0.0,0.0,0.0,0.0,0.0,0.0,0.0,0.0,0.0,0.0,0.0,0.0,0.0,0.0,0.0,0.0,0.0,0.0,0.0,0.0,0.0,0.0,0.0
84,M2,0.0,0.0,0.0,0.0,0.0,0.0,0.0,0.0,0.0,0.0,0.0,0.0,0.0,0.0,0.0,0.0,0.0,0.0,0.0,0.0,0.0,0.0,0.0,0.0,0.0
85,M5,0.0,0.0,0.0,0.0,0.0,0.0,0.0,0.0,0.0,0.0,0.0,0.0,0.0,0.0,0.0,0.0,0.0,0.0,0.0,0.0,0.0,0.0,0.0,0.0,0.0
86,M98,0.0,0.0,0.0,0.0,0.0,0.0,0.0,0.0,0.0,0.0,0.0,0.0,0.0,0.0,0.0,0.0,0.0,0.0,0.0,0.0,0.0,0.0,0.0,0.0,0.0
87,M4,0.0,0.0,0.0,0.0,0.0,0.0,0.0,0.0,0.0,0.0,0.0,0.0,0.0,0.0,0.0,0.0,0.0,0.0,0.0,0.0,0.0,0.0,0.0,0.0,0.0
88,M96,0.0,0.0,0.0,0.0,0.0,0.0,0.0,0.0,0.0,0.0,0.0,0.0,0.0,0.0,0.0,0.0,0.0,0.0,0.0,0.0,0.0,0.0,0.0,0.0,0.0
89,M11,0.0,0.0,0.0,0.0,0.0,0.0,0.0,0.0,0.0,0.0,0.0,0.0,0.0,0.0,0.0,5.75439,5.33333,0.0,0.0,0.0,0.0,0.0,0.0,0.0,5.73333
90,M9,0.0,0.0,0.0,0.0,0.0,0.0,1.0,4.2,5.25561,5.62018,6.03425,7.52381,6.57292,7.38775,7.75962,7.03922,6.06803,6.48299,4.4507,3.81188,2.4382,2.51852,2.34483,1.18182,5.67663
91,M21,0.0,0.0,0.0,0.0,0.0,0.0,0.0,0.0,0.0,0.0,0.0,1.72727,3.36364,3.0,3.94444,1.75,1.64286,3.92308,4.77778,1.66667,0.0,0.0,0.0,0.0,2.81452
92,M42,3.78824,3.7,1.66129,2.39344,3.16667,4.91429,7.21491,6.77647,5.88604,4.61092,5.02564,5.12183,4.9685,7.84967,7.04889,7.80894,8.38384,6.95195,6.94118,6.00549,4.08333,4.75122,5.35172,5.28319,6.04284
93,M31,0.0,0.0,0.0,0.0,0.0,0.0,0.0,0.0,0.0,0.0,0.0,0.0,0.0,0.0,0.0,0.0,0.0,0.0,0.0,0.0,0.0,0.0,0.0,0.0,0.0
94,M12,0.0,0.0,0.0,0.0,0.0,0.0,0.0,3.0625,2.4898,2.4058,2.34615,2.78261,3.33333,2.65909,2.61111,3.03226,4.27907,3.21429,2.95946,2.30137,1.92063,2.62222,2.0,0.0,2.80818
95,M116,0.0,0.0,0.0,0.0,0.0,0.0,0.0,0.0,0.0,0.0,0.0,0.0,0.0,0.0,0.0,0.0,0.0,0.0,0.0,0.0,0.0,0.0,0.0,0.0,0.0
96,M104,0.0,0.0,0.0,0.0,0.0,0.0,0.0,0.0,0.0,0.0,0.0,0.0,0.0,0.0,0.0,0.0,0.0,0.0,0.0,0.0,0.0,0.0,0.0,0.0,0.0
97,B12,5.30348,4.81102,5.20423,4.03604,7.9172,8.76093,12.3681,13.5404,14.6806,12.3249,12.7582,13.1818,14.0415,13.0499,15.7787,16.9587,16.9413,15.465,12.8848,11.0085,10.281,7.49907,7.57366,7.09722,12.7244
98,B26,3.68878,3.41475,2.98171,3.43243,6.825,7.38947,7.82059,8.46111,6.99154,6.99061,9.64633,9.6856,11.6256,10.6964,10.1232,11.2515,13.1103,12.6568,10.0428,7.84681,5.57066,5.85665,4.85067,5.3792,9.10865
99,Q24,7.81884,4.98571,6.85025,7.68798,8.74439,8.35812,7.43077,8.14387,7.99738,5.84387,6.30658,8.01042,9.3457,8.7888,9.96541,9.68946,9.89135,9.13274,9.2865,7.69806,7.39496,6.07022,4.95769,5.81281,8.15794
100,B14,3.78808,2.12821,1.78205,1.69091,2.18182,5.67598,5.30542,9.05155,10.4096,10.0717,10.1035,10.2491,11.5388,14.1753,12.5849,13.0588,10.8497,10.8148,8.24415,7.59326,6.63173,6.58456,5.64286,3.93785,9.41635
101,B45,2.72034,2.29545,0.0,0.0,0.0,4.56863,4.90821,5.30903,7.39792,6.56857,8.22684,7.96605,10.3788,10.9719,10.914,10.6643,9.06065,10.5978,8.51684,6.70552,5.05926,4.66832,3.52,3.16327,8.06904
102,M10,0.0,0.0,0.0,0.0,0.0,0.0,0.0,0.0,0.0,0.0,0.0,0.0,0.0,0.0,0.0,0.0,0.0,0.0,0.0,0.0,0.0,0.0,0.0,0.0,0.0
103,B13,3.99582,3.26744,2.0,0.0,2.90323,3.93696,7.68852,7.75945,8.32397,8.24386,8.31963,9.94262,10.4352,12.1439,11.3475,11.9137,10.6969,9.60737,8.12755,7.3624,5.78285,4.32,4.87442,4.50689,8.54382
104,Q55,3.63636,1.93333,2.28986,2.55128,4.65289,9.4635,8.26411,10.5869,10.739,9.72598,8.75877,10.0978,9.54812,12.0912,12.7201,11.2645,12.0823,14.1127,12.2765,9.14522,6.97118,8.0927,4.71704,5.045,9.84515
105,Q58,6.64671,4.71287,5.99419,6.40526,7.40722,10.0059,11.2976,11.6555,11.621,10.4457,11.0393,10.8499,11.8988,15.3439,15.3448,15.877,15.0109,16.0452,13.6224,10.5065,8.28047,8.36677,9.68637,9.21524,12.1909
106,Q36,2.48148,2.30882,1.5283,1.52459,3.48485,7.29915,6.65172,6.00932,7.78596,6.29461,5.04245,5.85135,7.01974,7.51786,8.0719,7.35616,8.17096,7.32192,7.14906,6.44262,3.61739,3.91803,3.62857,4.05263,6.38127
107,Q46,7.61111,2.728,2.68116,2.42623,3.43243,8.03205,9.98853,8.10907,9.46667,8.24578,7.63951,7.26687,7.73582,9.52581,9.67212,9.33142,10.166,9.2906,7.89976,5.4641,5.06344,4.94795,5.14451,5.80415,7.87579
108,B7,3.75,5.75556,13.0,0.0,4.1746,3.29961,6.96403,9.0048,10.1557,8.10586,7.80732,7.84838,8.56326,9.57792,11.4086,11.3641,10.5821,10.2215,8.30994,6.55021,5.49757,4.60615,3.62948,2.94512,8.28368
109,M106,0.0,0.0,0.0,0.0,0.0,0.0,0.0,0.0,0.0,0.0,0.0,0.0,0.0,0.0,0.0,0.0,0.0,0.0,0.0,0.0,0.0,0.0,0.0,0.0,0.0
110,Bx26,0.0,0.0,0.0,0.0,0.0,6.63415,7.47312,7.18497,8.64993,7.9507,7.5166,8.47961,9.2577,8.27778,8.74096,9.70247,10.5739,10.9971,8.96171,7.37315,5.53223,4.92896,5.45516,3.47101,8.40288
111,B52,5.65217,3.2973,3.1,3.23664,4.16,6.66289,10.025,9.56907,10.3908,9.79724,10.4557,10.8872,13.2938,13.7022,15.1233,18.4762,18.8503,16.1897,13.175,11.6959,9.47643,7.73239,8.33043,7.20118,12.1614
112,Bx16,3.97159,2.13208,0.0,0.0,0.0,7.4494,6.74182,6.90357,7.81195,7.88393,8.19344,8.00327,10.0215,10.9881,10.9893,9.43074,9.41078,10.6171,8.0341,6.99349,6.82584,6.56876,5.98498,5.22145,8.33381
113,Bx30,3.14388,1.0,0.0,0.0,0.0,6.30714,6.31184,7.45494,7.99844,7.39055,9.0311,10.5469,10.2227,11.3078,11.7531,10.4326,10.1711,10.0776,7.61153,6.62394,6.69261,5.35691,5.52878,5.14763,8.76154
114,M22,0.0,0.0,0.0,0.0,0.0,2.625,2.11765,3.15714,3.69767,3.73214,2.37778,4.16667,3.34783,3.58462,4.09091,6.89474,3.80392,5.22642,3.65217,1.75,1.31579,0.0,0.0,1.36364,3.77365
115,B82,6.22414,7.25084,5.77005,5.40506,6.30719,7.86241,8.52158,11.7914,15.0456,11.1339,10.3747,11.0164,13.6165,13.5781,13.1618,12.511,13.3833,13.6716,12.0355,9.60718,8.0,6.5227,5.96557,6.67478,10.934
116,M50,1.72727,1.66667,0.0,0.0,1.0,2.14286,3.92857,5.53333,4.57692,3.68085,4.80435,3.65909,4.08696,6.77778,4.65789,7.96053,4.40964,4.08824,3.25828,3.1087,2.66667,2.76364,2.16071,2.48611,3.93322
117,Q2,4.8062,2.67164,1.6,1.84,1.53846,10.2366,8.19915,7.62577,7.476,8.26641,6.97482,7.47321,8.87833,10.4108,8.67253,9.03493,8.61413,9.22462,8.35878,6.87931,5.3311,5.56338,4.39759,3.07051,7.5741
118,Q32,4.70833,10.2121,7.32399,8.85714,12.4365,7.54924,7.80216,8.84855,7.55908,7.08642,7.87759,8.17335,8.50133,9.78176,11.1804,11.6571,10.334,10.4481,9.61446,7.37881,4.62454,4.76963,5.27434,5.08772,8.89684
119,Q20A,3.56209,2.41216,2.19718,2.6506,2.56522,3.86992,7.68627,8.56455,8.79241,8.65054,8.73134,9.4454,8.85969,9.67839,9.52079,11.7279,10.3708,9.81738,7.87373,6.68142,5.26915,6.27824,4.44506,3.81,7.81105
120,B17,8.05479,2.70667,3.23404,3.08333,6.42857,9.76606,8.629,9.48117,12.2751,9.70588,8.35358,7.47059,9.20425,10.3487,12.9181,14.0697,13.4346,14.519,10.3336,8.40331,7.40438,4.92123,5.2547,3.58696,9.88832
121,Q26,0.0,0.0,0.0,0.0,0.0,6.09375,5.17582,4.14516,4.41463,7.03704,0.0,0.0,0.0,0.0,0.0,4.88889,3.84444,3.77895,4.28205,2.53947,1.96154,0.0,0.0,0.0,4.1857
122,Q48,3.54737,2.75,1.875,0.0,4.5,8.58929,8.63043,6.11828,9.30509,7.35593,4.94737,8.81159,5.31395,7.50575,7.55435,6.98,6.17544,8.36036,5.11828,5.2515,4.72794,2.93082,4.05236,3.52632,5.69147
123,Q13,3.44444,2.31818,1.48148,0.0,2.625,5.45038,6.44186,7.85745,9.10968,8.66667,10.5714,9.13333,8.11294,10.3615,10.0362,12.6073,12.4535,10.8548,9.94828,7.07431,6.69084,7.69951,8.30657,3.93966,9.26841
124,Q16,1.5,2.35294,0.0,0.0,5.66667,9.42105,6.05814,7.07614,8.08451,7.23134,7.07843,5.48421,6.75,6.18421,8.67241,8.36,7.61376,6.77108,6.01554,5.25243,3.36957,4.26437,3.91139,2.55932,6.32327
125,Q20B,0.0,0.0,0.0,0.0,0.0,4.50485,6.57925,7.01351,8.5347,7.2849,7.71517,7.38642,7.46699,7.98416,9.24394,8.83867,8.88595,8.23627,7.17552,5.55649,4.1375,3.60687,4.48958,3.21875,7.35464
126,Q15A,1.11111,0.0,0.0,0.0,0.0,8.06667,9.34286,10.1645,8.68224,8.54472,9.16667,12.5556,10.6875,10.2812,9.55769,10.3091,11.8505,13.4,6.78788,7.66154,5.19512,5.1875,3.72414,2.2963,8.87637
127,Q28,2.51163,2.02326,1.42857,2.41667,4.52632,7.84946,8.12424,7.00702,8.91282,8.14521,10.8689,8.4529,9.60625,8.76087,8.7961,10.1736,11.675,11.2017,9.02347,5.86429,6.08844,4.61667,5.55133,4.30374,8.28338
128,Q76,0.0,0.0,0.0,0.0,0.0,3.18447,6.19437,7.29423,7.36873,9.06923,6.47955,6.33423,5.60393,7.85758,7.83511,7.0592,8.71201,8.8055,7.09935,5.69762,4.85959,4.05725,4.06061,2.34694,6.93663
129,Q31,3.25,0.0,0.0,0.0,0.0,8.3,5.13953,5.29777,5.97143,5.91129,6.35659,5.625,5.23198,5.49441,6.38702,6.09102,6.4898,7.85938,7.26425,5.72454,5.00291,3.79352,3.72038,3.56566,6.02204
130,Q15,1.66667,0.0,0.0,0.0,0.0,14.2419,7.63095,9.18421,9.38095,7.01754,6.47727,10.4444,10.1224,10.5938,9.57778,8.98876,11.6267,8.63043,9.35156,7.15854,6.71304,5.98718,3.0625,2.28571,8.50468
131,B15,8.69987,8.8651,9.70506,8.46081,7.03297,8.42442,10.3786,12.7679,13.2845,12.6156,11.4961,11.6797,11.702,13.6019,14.4369,16.6116,16.3187,15.5457,12.4835,10.9948,9.89441,9.06886,8.81806,9.51685,12.2895
132,B65,2.4,2.25,0.0,0.0,11.1111,3.71053,5.05128,7.13665,6.44681,6.06704,4.66321,6.95977,7.78173,8.13333,8.4507,8.58031,9.46032,9.74677,8.48819,5.37183,3.71477,3.38442,2.91824,2.92083,6.43651
133,SIM2,0.0,0.0,0.0,0.0,5.17391,7.5,11.1188,6.09722,5.27072,4.91228,0.0,0.0,0.0,0.0,14.8482,9.28814,8.41156,7.23453,4.93367,2.85475,2.21875,1.4,0.0,0.0,7.30018
134,B41,7.31236,6.17553,4.27317,4.68636,8.80424,7.93962,8.18662,7.20673,7.35787,6.99078,8.37959,10.0438,10.8812,12.2964,12.4637,12.4821,12.2532,12.5706,9.95189,7.71444,6.53771,5.92058,6.66874,6.07744,9.77525
135,Bx34,2.91509,2.07692,0.0,0.0,0.0,4.49842,4.79568,5.62145,6.44311,7.04941,7.97375,8.0275,9.66033,9.53196,10.0473,10.6112,10.5694,8.55476,5.54545,4.65947,3.56725,2.84404,3.22801,2.48432,6.8649
136,Bx20,0.0,0.0,0.0,0.0,0.0,0.0,4.0,3.41739,3.57647,4.55556,0.0,0.0,0.0,0.0,0.0,4.25333,4.32028,4.15385,3.28523,2.77596,2.6875,0.0,0.0,0.0,3.70174
137,Bx13,6.16832,4.375,0.0,0.0,1.5,8.35319,7.49756,8.67919,8.90471,9.76523,12.3927,15.2993,14.8047,18.6167,18.0701,16.1878,16.0888,16.1575,13.0568,12.1046,8.18821,6.64214,6.959,5.64505,12.5939
138,M100,6.02091,3.39785,0.0,0.0,3.15385,4.01333,4.76969,6.77284,8.20526,7.56061,9.62945,11.668,12.0139,12.8812,13.0311,12.8,13.7563,12.5084,10.5855,9.70485,7.64065,5.38366,4.93226,4.15904,10.3759
139,Bx3,6.26172,3.39241,0.0,0.0,0.0,7.19598,10.258,10.2841,11.3354,9.16157,12.3775,13.2557,13.1526,13.9661,16.7856,16.445,18.8286,16.8706,14.6063,11.3376,9.90841,8.16204,8.46488,8.18378,12.9529
140,Bx10,4.37156,2.74468,1.21429,1.09091,2.97436,4.95942,9.46766,10.1468,8.38278,8.02381,8.60942,10.4246,9.40296,10.8018,10.6792,10.6116,11.4365,10.7925,8.56454,6.65938,6.33448,5.1831,6.00207,5.64308,9.05925
141,Bx7,3.97175,2.38462,0.0,0.0,1.44444,4.96199,7.294,9.23821,8.97207,8.99633,11.5181,13.2779,13.9418,14.2888,14.5168,14.933,13.1673,12.2214,8.98914,7.07583,5.92294,5.31459,4.46777,4.24883,10.4484
142,B46,9.62609,4.67519,4.75071,5.87781,9.11746,10.0339,9.5274,9.14522,10.0219,10.4132,10.7736,11.7553,11.8491,12.1294,13.5196,12.8941,15.6686,13.6746,11.3591,8.63785,7.94813,6.56502,7.40196,9.35634,10.5342
143,Bx38,0.0,0.0,0.0,0.0,0.0,7.30769,7.08824,8.63652,10.2034,8.96121,9.08159,8.71103,9.0746,10.1265,12.9495,12.1462,12.8077,12.4731,10.1293,7.59038,8.09833,5.65394,5.24561,3.44444,10.0695
144,Bx28,5.13393,3.2514,3.27869,2.63964,4.96296,8.27089,7.6835,7.36671,8.60164,6.98324,8.56579,9.80585,11.2834,10.5501,11.5278,11.2974,11.6352,12.1199,9.70386,7.41583,6.14286,5.3617,5.69191,6.39934,8.99694
145,B24,2.88298,2.72,0.0,0.0,0.0,6.87671,7.45532,8.1579,7.41667,6.17197,5.17051,4.0604,4.91018,6.47619,6.53955,7.71605,9.46198,8.60543,6.74297,4.83188,3.72426,3.62842,4.625,4.06918,6.47647
146,B54,3.14839,2.00752,2.31,2.39623,3.4375,5.92946,10.2169,11.3825,12.8125,9.18829,9.43289,11.1783,12.1318,11.9577,11.586,13.0083,13.7208,13.2307,10.4187,6.97219,6.7511,4.9769,4.72892,5.60967,10.3465
147,Q54,4.71117,5.6886,6.72727,6.53886,7.18538,9.67899,11.2294,12.632,12.6472,10.345,10.3986,9.60877,9.91504,10.0949,11.3171,12.3995,12.5698,12.5881,10.7656,9.64693,8.11159,5.41231,6.02754,5.58125,10.254
148,Bx29,2.78788,1.0,0.0,0.0,4.775,4.41989,3.35252,3.92491,5.01799,5.5042,6.03804,6.50802,6.7957,7.98485,7.1391,7.37037,7.70833,6.31902,4.30368,3.97736,3.79018,3.98824,5.26744,3.50388,5.4523
149,B25,7.55372,7.32941,10.8431,3.89474,11.8889,4.54321,6.32086,7.475,8.26049,8.53729,10.4161,10.2922,10.4119,10.8339,10.889,11.9063,11.4826,11.0702,9.10688,6.77512,5.35129,5.42183,4.5502,3.88785,9.42097
150,B83,5.23664,2.17391,0.0,0.0,2.64286,6.68229,8.97761,7.76962,9.9017,8.08655,11.2365,13.0381,14.5423,13.2341,14.4268,13.377,17.3662,15.0449,11.6803,8.19905,7.15072,6.99485,7.09119,5.15584,10.9415
151,Q56,12.6489,13.716,4.68,6.18939,11.6,7.9186,7.80496,8.37639,7.78807,7.9,8.83932,9.62172,10.0846,9.50716,11.4745,12.0456,10.881,11.9315,8.91906,7.35845,6.9242,4.29553,3.68065,3.57209,9.15301
152,B47,3.9949,2.9708,2.40404,2.55435,4.78261,5.19209,7.65031,8.87722,10.4098,9.17703,10.1673,12.6594,12.7179,15.1956,15.1747,16.0579,17.0735,16.9074,11.5966,10.2507,7.85287,7.2993,6.54756,6.10703,11.3034
153,B20,6.96537,8.264,19.75,0.0,2.5,5.19,4.99199,7.30189,8.55862,7.44662,7.63668,7.80795,8.41082,10.3769,10.3711,10.8594,10.5458,10.3506,7.77127,5.62603,5.3375,5.38169,5.81784,5.87679,8.06879
154,B49,3.17814,2.56863,1.66667,0.0,4.30882,6.21978,4.99279,7.35932,9.0863,7.07488,6.09969,6.42566,7.57183,7.83067,7.99523,8.59142,8.16752,8.72526,6.47475,5.23066,5.26219,3.66524,3.95181,3.30159,6.8773
155,Q27,3.5791,2.53171,2.05941,2.1413,4.94969,8.04897,10.0096,6.79942,6.56399,7.32437,7.95139,7.23176,7.72745,7.74837,7.74223,7.25012,7.6697,8.84993,7.28491,5.75937,4.52748,6.09651,4.48533,4.54587,6.90879
156,B62,3.1016,3.09333,6.70874,5.66055,4.79641,4.8264,6.86506,6.87261,6.68148,5.35182,5.68812,7.34385,7.72414,8.87903,8.72417,8.60726,10.1061,9.32787,7.19587,5.36531,4.38657,4.68271,4.54788,4.11006,6.93136
157,B38,0.0,0.0,0.0,0.0,0.0,0.0,0.0,0.0,0.0,0.0,0.0,0.0,0.0,0.0,0.0,0.0,0.0,0.0,0.0,0.0,0.0,0.0,0.0,0.0,0.0
158,B42,5.50909,3.2623,2.10526,4.12,11.6667,15.6548,12.4969,8.90182,10.7091,9.63131,10.4303,9.33871,8.75714,12.5101,13.083,11.7674,11.5099,11.3909,8.69091,7.76133,6.29217,5.18067,4.76506,4.70103,9.40178
159,B6,7.04579,5.07595,4.86667,7.13504,6.4089,7.67212,10.0507,11.6604,12.1808,10.2698,9.22534,8.90092,9.81566,11.6683,12.7744,13.1926,14.0333,14.0175,10.7675,8.67146,7.47385,6.25561,6.33157,6.4914,10.4185
160,B3,6.64019,2.36735,1.61111,2.06383,3.21053,5.0049,7.78718,11.374,11.7435,10.9466,12.8168,12.0645,11.9091,11.146,12.1918,13.7807,15.5878,17.0877,12.4549,8.38535,6.80369,6.68421,6.39149,5.99728,11.2758
161,B36,3.47236,2.225,4.69643,2.5614,4.48837,4.78431,7.19527,8.26783,9.73207,9.37794,11.1702,11.2455,11.5316,11.8416,11.7534,11.4411,11.8351,11.4805,8.36831,6.85004,6.80028,6.11175,4.68767,4.03529,9.49807
162,B74,0.0,0.0,0.0,0.0,0.0,7.22105,8.32877,8.60897,10.2724,8.27885,7.3822,10.0914,10.2398,10.0796,10.6358,9.7723,11.4363,11.3061,7.88462,6.92033,6.87037,5.32323,3.87313,3.59091,8.80779
163,M79-SBS,2.78182,1.35484,1.72222,1.93333,1.63265,2.56557,4.70866,8.17822,7.59851,6.29264,5.94533,7.30986,9.01131,9.80123,10.625,9.92554,8.47475,7.73881,7.10268,5.65503,5.24085,4.23509,3.57857,3.1608,7.36245
164,M102,4.63636,2.86047,3.63441,2.64894,4.06667,3.08602,3.67901,4.79447,6.59649,7.79545,7.36546,6.23899,8.72,11.7625,11.9625,10.6333,10.9424,9.84793,8.03167,5.94565,5.66939,4.20741,4.77228,2.46552,7.58859
165,M101,3.67308,4.54023,2.2,0.0,4.8,4.14286,6.0694,7.82906,8.47396,7.39871,7.63246,9.88595,9.50472,12.0391,11.6615,15.3866,13.2252,11.6329,9.2049,8.09195,5.78157,5.20106,8.24227,6.5061,9.50571
166,M103,2.33333,0.0,0.0,0.0,0.0,3.13333,3.77586,4.66667,6.0226,4.62121,5.87705,7.1791,8.72414,7.97959,8.42818,8.15362,7.35294,7.27391,5.87624,4.28994,2.696,2.32673,3.25843,3.31818,6.38805
167,M23-SBS,2.28986,1.17647,1.36111,1.22222,1.53846,2.98077,12.2606,9.78358,11.6291,9.09508,7.05902,8.46791,11.0865,11.1656,11.9558,11.5801,11.2118,10.3764,8.80608,7.48817,5.76991,4.47904,4.03289,3.99174,9.39516
168,M60-SBS,7.0,0.0,0.0,0.0,0.0,1.0,21.38,17.3333,12.86,8.81522,9.96774,15.6633,16.7604,15.3247,17.3821,17.5282,16.3158,14.9167,8.93519,10.7176,9.26606,11.5233,9.23077,8.51948,13.4494
169,Bx12-SBS,0.0,0.0,0.0,0.0,0.0,8.66848,14.2914,16.8071,17.7509,16.1318,17.443,20.098,21.5826,24.386,28.6222,26.9124,28.2878,30.0609,24.5472,19.9311,17.5146,14.6466,15.6383,12.4133,21.976
170,M34A-SBS,3.6,5.0,0.0,0.0,0.0,6.27586,12.4396,13.6094,10.5917,6.22699,6.63347,8.17808,8.22581,8.89238,11.3535,13.2688,14.1114,10.1107,9.16828,9.45402,6.84314,6.75168,6.08759,6.00952,9.50665
171,M86-SBS,2.90141,1.73077,1.0,1.37037,1.56863,4.15385,6.56711,7.17517,9.19636,8.51238,9.19251,9.16711,9.85371,12.2276,13.7617,12.5189,12.8991,12.8395,9.20033,8.246,6.75419,5.86427,5.52824,5.13333,9.65916
172,B46-SBS,11.25,0.0,0.0,0.0,0.0,14.1,10.8741,11.784,13.5328,13.2546,13.1697,14.9663,17.2868,19.2731,21.9354,20.5309,22.9065,21.9993,17.1858,14.4799,12.9607,11.1135,9.7216,7.0,16.6303
173,B44-SBS,3.33333,0.0,0.0,0.0,0.0,7.37374,12.6033,15.8854,18.732,12.9842,12.5026,10.9325,13.9216,14.4028,16.3278,17.3504,18.0068,20.1692,14.7659,13.6191,9.79621,7.5636,7.73994,8.21477,14.486
174,M14D-SBS,4.82707,4.04698,3.71765,3.0303,4.28736,6.34286,8.80041,7.80717,8.97306,10.247,10.9807,12.4127,15.2202,16.2519,17.284,16.3534,15.9522,16.1493,11.7176,9.1246,8.23834,6.71415,6.9306,6.12426,11.6776
175,Bx41-SBS,0.0,0.0,0.0,0.0,0.0,5.65909,12.4282,19.7955,25.2946,16.5383,16.0503,17.101,18.8639,23.0499,25.253,24.6021,26.0842,23.1103,17.8649,16.059,12.5068,9.68582,10.625,0.0,20.083
176,M14A-SBS,4.8655,2.63492,1.85185,1.625,2.11579,4.18493,4.79889,5.48,7.99138,8.13205,9.45527,11.7423,12.8881,14.314,14.5367,13.3706,11.6023,11.9435,9.31532,7.0917,5.89774,4.24182,4.11752,3.86176,9.26459
177,M15,5.17333,5.46914,6.31852,7.92562,7.75,9.97561,4.71134,4.84615,5.37778,4.72727,6.20205,6.79336,6.77076,8.23948,9.48361,8.93655,9.41772,9.31915,6.42424,5.71637,4.05861,4.27888,4.51598,5.90909,6.79882
178,M35,16.0882,0.0,0.0,0.0,0.0,0.0,0.0,0.0,0.0,0.0,0.0,0.0,15.6667,6.26667,7.125,16.7895,23.0,19.0,27.0,15.0,9.60563,10.0308,6.12,7.14035,11.5986
179,Q44-SBS,0.0,0.0,0.0,0.0,0.0,0.0,0.0,0.0,8.83333,11.3143,16.8929,15.7059,14.0667,17.2308,13.8824,21.4667,24.0,0.0,0.0,0.0,0.0,0.0,0.0,0.0,14.8247
180,M34-SBS,4.7027,1.4,0.0,0.0,0.0,8.0,9.84146,9.83108,9.3871,6.02715,5.38739,5.38865,7.7541,9.23707,11.5918,10.6916,9.65714,11.9556,7.49842,6.41117,6.4812,4.72109,5.36842,7.39759,8.26833
181,M15-SBS,9.5,0.0,0.0,0.0,12.2609,6.59777,10.2835,11.2052,12.0321,11.3566,13.6751,14.6118,16.1842,17.8236,18.5306,18.336,17.5644,17.4407,13.6292,12.075,10.8122,8.86559,9.42629,9.01187,14.3135
182,M55,2.92857,1.67857,0.0,0.0,0.0,0.0,0.0,2.42105,2.94286,3.61404,3.09722,3.66129,4.28205,4.8172,3.55556,4.09244,3.34694,3.5679,2.46341,1.87755,1.375,1.54167,2.11111,1.68182,3.31789
183,M8,1.0,2.0,0.0,0.0,0.0,2.0,1.77778,1.83019,2.97222,2.36232,2.3871,2.2,2.54286,3.04348,4.02857,3.82353,3.32836,2.43103,1.74419,1.4,1.81818,2.2,1.16667,1.06667,2.49435
184,Q1,2.84337,2.90541,1.71875,2.20408,2.52459,3.0,4.42045,6.27547,6.46324,4.37158,4.39914,6.07983,5.34437,6.23958,7.41497,5.95906,6.45819,7.63542,6.18627,4.89338,4.02427,3.50388,4.18812,2.88764,5.31586
185,Q88,1.4,0.0,0.0,0.0,0.0,3.75,8.3179,10.2339,8.02023,7.36252,6.53092,8.86454,7.59328,7.89385,8.81336,8.55812,8.97621,8.64795,8.43757,6.57724,6.66414,4.99375,3.69072,3.36709,7.93758
186,S48,4.44928,3.57595,2.76617,3.0051,5.06422,9.69397,10.1201,9.85978,9.81447,9.37995,11.1686,11.6326,13.2644,14.5359,12.5647,12.595,13.496,13.6473,10.1212,6.80366,7.76316,7.13376,7.95794,6.792,10.3009
187,S52,3.21918,1.61111,0.0,0.0,6.19355,4.53774,3.88739,4.98653,5.19424,5.75926,7.52227,6.94972,8.60889,7.40426,6.71916,7.88437,7.28908,5.82418,4.41538,4.1625,4.40157,4.42025,3.96694,4.09746,5.70904
188,S40,10.2412,12.202,6.12088,5.46111,7.02105,19.3333,19.5263,10.6031,6.73438,8.11268,16.4813,21.0,13.1942,12.2648,14.2495,12.0043,14.1704,17.5331,19.5778,11.3418,13.5747,20.9464,7.13587,7.29412,13.4884
189,S66,2.03571,1.4,0.0,0.0,0.0,1.71875,2.98268,2.99257,4.24324,2.85965,3.21138,2.325,3.39216,3.28814,3.67273,4.64945,5.0678,4.45116,3.47926,2.47134,2.47414,3.02027,2.84076,3.10112,3.381
190,S51,2.55963,3.24545,2.02299,2.23529,3.13208,6.21491,7.08425,5.9449,5.85366,5.12981,5.39035,5.45628,6.46866,7.09483,8.37995,8.18182,7.13288,6.48495,4.89333,4.43081,3.77778,4.28947,3.75743,3.47059,5.81564
191,S76,3.05556,0.0,0.0,0.0,2.0,6.74107,5.01327,5.58055,6.09623,5.99634,5.96296,7.36327,5.97659,5.75068,7.60254,8.77959,6.6135,7.8172,7.61176,6.44414,6.06786,4.41901,4.4,4.93717,6.50848
192,S81,0.0,0.0,0.0,0.0,0.0,0.0,0.0,0.0,0.0,0.0,0.0,0.0,0.0,0.0,0.0,0.0,9.21818,6.20482,5.98193,1.0,0.0,3.44444,0.0,0.0,6.32036
193,S53,8.57767,5.85096,4.31868,4.6802,6.98233,12.632,13.2034,11.9555,11.8914,9.30895,8.90476,7.7954,10.4355,10.715,10.8858,12.7095,13.816,17.2376,12.5174,10.1627,7.80392,8.7282,7.91771,9.08986,10.9544
194,S96,0.0,0.0,0.0,0.0,0.0,5.5641,6.27358,7.55833,5.20354,0.0,0.0,0.0,0.0,0.0,0.0,17.0,10.8053,11.1269,8.9781,5.99194,7.71901,5.81482,5.32812,8.21053,7.58513
195,S98,0.0,0.0,0.0,0.0,0.0,0.0,5.61765,8.00541,7.62069,0.0,0.0,0.0,0.0,0.0,0.0,1.0,10.2174,10.0,8.34025,7.88732,6.53012,8.44262,5.59184,0.0,8.07885
196,S93,0.0,0.0,0.0,0.0,0.0,2.875,8.34404,6.70455,6.33333,6.15082,4.6689,4.62269,5.37685,5.76681,5.78373,7.36577,8.16916,9.24945,6.45275,5.07759,4.55294,3.99306,3.5514,0.0,6.309
197,B84,0.0,0.0,0.0,0.0,0.0,3.62963,3.86364,3.58696,2.73684,2.86667,2.0625,4.4,3.0,3.94737,3.02817,5.82716,3.95541,4.39855,3.13761,2.41892,2.77419,2.84848,0.0,0.0,3.78338
198,B64,2.08537,2.04878,2.0,0.0,2.0,4.06115,5.82093,7.75239,9.36143,8.58014,7.30658,6.11872,7.72854,7.93731,8.71038,8.87551,8.53408,10.1577,7.65083,5.99211,4.6636,3.3589,3.55159,2.77642,7.3091
199,B60,3.74803,4.99552,8.29655,7.36552,6.72973,6.33628,7.21865,7.79098,8.86164,8.74058,9.30378,8.81585,9.22899,10.6002,11.8515,10.9521,10.5127,9.974,7.95943,7.19223,6.45512,6.3313,5.182,4.85596,8.84071
200,B57,3.07432,2.69091,0.0,0.0,4.12143,7.38074,12.0685,10.7524,10.3446,7.87913,8.03043,8.68687,9.81965,9.85338,10.183,11.4958,12.1938,14.1485,10.8671,8.02688,7.07273,5.69714,5.25683,3.51822,9.74642
201,B31,2.49254,2.71429,0.0,0.0,4.02778,9.03333,5.85646,8.12288,7.89333,7.6087,5.05755,4.99359,5.35897,5.33333,8.30201,7.75385,7.62924,8.82038,5.56579,4.7328,3.87591,2.52402,2.04918,1.73585,5.97243
202,Q5,5.88294,4.26829,2.65741,4.02151,7.06218,8.98097,9.37859,11.7019,10.4851,11.3277,10.1084,11.2893,11.0844,13.254,12.8191,11.899,13.9475,13.5605,10.772,8.89943,7.96126,9.31153,7.61446,8.35531,10.8899
203,Q42,0.0,0.0,0.0,0.0,0.0,8.12048,5.2381,5.81081,4.47881,3.97191,3.57692,3.18421,4.66387,4.23418,4.05161,4.71226,4.71587,5.05904,4.11364,3.61355,3.51282,0.0,0.0,0.0,4.55602
204,Q4,6.0,4.89352,2.94531,2.95522,8.25581,8.45694,9.45378,7.77357,8.02505,8.21678,10.4271,10.5338,11.0729,10.9825,12.2968,9.80038,10.7404,10.803,8.64271,7.86928,7.64927,8.76947,7.60492,6.04329,9.15807
205,Q30,2.328,2.0,0.0,0.0,0.0,5.01724,5.93443,4.91667,5.28678,3.58286,3.63125,3.49901,3.77535,4.31875,4.90512,5.25037,6.17559,6.4543,4.53936,3.54679,3.13085,2.59714,2.7509,2.80923,4.52457
206,Q3,6.51495,4.72646,5.51366,5.07658,8.01728,8.86803,9.13919,8.9177,10.037,8.73242,10.4329,10.714,12.4856,12.8512,11.3244,9.23529,9.64066,10.4263,8.76667,7.26274,7.81838,8.4042,5.96594,6.50183,9.07057
207,Q17,4.05923,2.27612,1.58537,1.48529,4.33889,7.96359,7.85249,7.85949,8.48915,8.96243,9.23148,8.7649,8.63391,9.23651,10.8988,10.4468,10.6465,10.0593,6.90833,5.60359,5.48906,5.14726,5.48873,5.12321,8.11578
208,Q85,5.86301,4.29749,3.11392,2.49153,8.55344,9.9481,9.29005,8.7309,8.12003,8.85417,9.22479,9.89907,10.8171,12.3116,12.4636,10.7346,12.6431,12.6741,8.55253,8.5007,8.02335,8.27197,8.06016,7.0068,9.81858
209,M66,2.01835,1.3,0.0,0.0,1.5,5.08763,8.98974,8.57067,6.99242,6.07713,6.19967,5.62997,6.79398,7.34379,8.84391,8.01124,6.36505,5.45894,5.23557,4.28708,3.69202,2.58252,3.32368,3.64127,6.26129
210,M72,1.97059,0.0,0.0,0.0,0.0,4.1087,4.89024,6.84874,6.73415,6.28969,5.42928,5.57052,6.30976,6.69193,7.44995,8.04107,7.45308,7.09391,5.35132,4.7041,3.24307,2.20663,2.5438,2.92268,6.06898
211,M57,2.41429,2.71429,0.0,0.0,0.0,0.0,0.0,7.1,5.31183,4.75472,5.76344,4.34426,6.52632,7.24359,8.70476,8.21918,7.85427,5.75882,5.55204,4.60185,3.87654,3.38356,2.9537,2.44444,5.433
212,B2,1.625,1.0,0.0,0.0,4.0,5.60577,4.47445,5.93548,4.77093,5.42708,6.13939,7.72973,9.71895,8.23256,8.11037,5.71618,8.17048,7.72542,5.91193,3.90977,3.50265,2.86111,2.87,1.97101,6.06334
213,B82-SBS,0.0,0.0,0.0,0.0,6.38462,5.61082,10.7684,15.4763,17.6933,12.6025,9.50374,9.57281,10.3328,12.5836,13.902,13.4563,14.4598,15.5059,12.0996,10.429,8.18176,6.09849,5.5064,6.84302,12.1966
214,Q77,0.0,0.0,0.0,0.0,0.0,4.8913,5.68293,5.58685,7.57568,7.00822,7.26261,7.99074,8.08896,9.64048,7.34125,5.57857,7.86846,9.03125,7.72582,5.051,5.31911,4.38542,2.07895,0.0,6.94615
215,B48,2.81395,1.5,1.8,1.89744,2.64286,3.89735,5.35857,6.50507,6.13208,3.76682,3.75416,4.0177,3.8817,4.69889,5.03977,5.52241,7.06289,6.81298,4.96901,4.35072,3.16402,2.49524,2.77596,2.48428,4.87158
216,B37,0.0,0.0,0.0,0.0,0.0,0.0,0.0,0.0,0.0,0.0,0.0,0.0,0.0,0.0,0.0,0.0,0.0,0.0,0.0,0.0,0.0,0.0,0.0,0.0,0.0
217,Q43,5.12,3.6381,3.1875,3.38596,8.02335,8.81663,7.32363,8.20208,8.18826,10.1882,8.10187,7.6108,7.5514,9.05057,9.14157,10.1947,11.1392,10.9429,8.73611,8.45705,6.61449,6.90466,5.95082,5.18947,8.57999
218,Q83,6.50265,4.78289,2.69643,2.78641,6.3,11.4317,9.65823,8.84861,8.26735,9.44413,9.15271,9.18056,9.53598,9.82198,11.9366,10.3562,10.3304,11.2019,10.2643,9.2382,7.7281,5.9502,5.65757,5.78605,8.9484
219,S91,0.0,0.0,0.0,0.0,0.0,0.0,5.35897,5.65188,6.32044,10.0,0.0,0.0,0.0,0.0,0.0,0.0,9.25676,8.0412,6.86424,5.90079,3.2,0.0,0.0,0.0,6.58717
220,S94,0.0,0.0,0.0,0.0,0.0,0.0,4.29323,5.31551,5.21818,0.0,0.0,0.0,0.0,0.0,0.0,4.85714,12.0909,12.3493,7.47692,4.64773,7.0,4.83636,4.5,0.0,7.6148
221,S44,4.87736,2.0,0.0,0.0,6.30435,8.62605,8.07073,8.79848,8.15683,7.20111,7.89155,8.65285,8.33222,11.0666,10.8438,11.6638,11.7923,12.0148,10.5573,8.77882,8.42568,7.9284,7.60486,6.48639,9.38111
222,S78,3.6079,3.89545,2.67464,2.25974,3.44409,5.10417,6.11551,5.35315,5.9136,5.55133,6.57172,6.18026,6.82498,7.72235,7.33666,7.67446,8.08286,7.22353,6.80548,5.41314,4.57165,6.53425,6.64337,4.63768,6.38078
223,S74,3.01034,3.70109,2.89333,2.04762,3.94118,7.17182,8.55254,8.15056,6.8705,6.55214,5.45767,5.38521,6.02201,7.08814,7.3095,8.803,9.41071,9.57546,7.72829,6.05403,5.13008,5.56681,6.38085,5.13208,6.89059
224,S56,0.0,0.0,0.0,0.0,0.0,0.0,1.71622,2.24419,2.22024,2.28492,1.95833,2.10345,2.57865,2.38122,3.12541,3.49064,3.41204,3.42063,2.49074,2.05,0.0,0.0,0.0,0.0,2.68882
225,S84,0.0,0.0,0.0,0.0,0.0,0.0,0.0,0.0,0.0,0.0,0.0,0.0,0.0,0.0,0.0,5.5625,5.32394,5.6383,2.9,1.66667,4.75,4.44578,2.09375,0.0,4.49442
226,S46,4.4213,3.71429,4.60234,2.73684,6.67611,8.96715,11.2045,7.98265,8.04156,7.39832,7.26404,7.82664,8.6785,8.37341,11.153,9.50891,11.2915,11.1407,8.47104,6.0497,6.57282,7.0,5.82692,5.28218,8.24695
227,S42,4.72727,7.84615,0.0,0.0,0.0,8.30769,4.28947,4.0,2.09677,3.125,1.0,0.0,0.0,5.2,3.84615,5.6,6.46575,5.58537,7.16438,5.13095,5.17857,3.90909,3.93182,4.73077,5.18124
228,S54,0.0,0.0,0.0,0.0,0.0,1.0,3.58824,2.5266,5.11881,3.94643,2.06299,2.3522,2.61616,2.97895,4.29329,3.80663,4.37049,4.12315,2.98726,2.95283,2.46,1.77397,2.24658,0.0,3.31981
229,S92,0.0,0.0,0.0,0.0,0.0,1.66667,6.6443,5.01695,6.2234,7.33333,0.0,0.0,0.0,0.0,0.0,0.0,10.3774,7.85427,4.72926,3.125,0.0,0.0,0.0,0.0,6.09839
230,S59,2.53179,2.03261,0.0,0.0,3.04444,5.17603,5.91348,8.51864,6.96897,6.93739,6.47699,6.35608,5.98973,8.00772,7.16322,8.32647,9.34667,9.66898,6.87438,6.44485,5.22466,4.44186,5.21918,2.84549,7.00421
231,S89,0.0,0.0,0.0,0.0,0.0,1.73684,3.57669,3.93791,3.50265,4.71429,2.25,0.0,0.0,0.0,0.0,2.83333,3.60577,4.45541,3.68615,2.63291,1.95455,0.0,0.0,0.0,3.71271
232,S61,2.18605,0.0,0.0,0.0,2.0,6.7193,7.55124,9.0614,5.81994,6.22781,6.66034,6.39709,6.74415,8.41745,9.65435,9.11064,9.05842,7.2904,6.59397,4.31594,5.91451,5.40615,4.96703,2.70833,7.22532
233,S62,2.86275,4.61333,2.32847,3.48855,5.5848,6.14828,9.01639,9.0028,5.9321,5.15367,4.99025,3.94242,4.62813,5.61331,6.70909,6.44462,8.25122,6.32494,5.41616,4.3894,4.41092,4.69498,5.22925,4.43192,5.6878
234,Bx24,2.9,1.28571,1.0,1.0,1.22222,2.46667,1.85714,3.28235,2.83186,1.80556,2.82738,2.76316,3.06,2.75648,3.03614,3.56747,3.47191,3.9505,1.72603,2.03185,1.56881,2.88288,1.85714,2.26923,2.80913
235,Q84,3.8255,2.58065,0.0,0.0,10.7609,11.1277,7.511,7.49082,7.12704,6.75091,6.79572,5.82915,6.58093,8.18321,9.855,8.53423,9.16759,10.0308,8.02813,5.97651,6.5629,5.83912,3.89841,3.2069,7.43184
236,Bx18,0.0,0.0,0.0,0.0,0.0,2.0,4.49038,7.29032,8.74286,6.74112,7.28082,5.63107,8.03333,10.1636,11.3095,10.983,7.06183,7.19928,6.58333,5.46417,3.71014,3.3986,2.69492,0.0,7.28347
237,S79-SBS,4.41477,2.0,0.0,0.0,7.63462,8.96477,8.85131,10.5828,9.66633,9.3347,9.91271,10.9084,11.3741,12.9799,13.6286,14.7986,13.2339,14.1521,11.7179,10.5767,10.4079,9.03696,8.6,6.58169,11.2739
238,S57,3.0,0.0,0.0,0.0,0.0,0.0,8.9604,5.19577,4.79525,5.91793,3.24227,3.99528,5.05983,5.84677,7.04249,6.47222,6.02433,7.0854,5.04615,3.64,3.57669,2.59821,2.81609,2.0,5.16638
239,Q34,0.0,0.0,0.0,0.0,0.0,6.06098,6.53103,8.44534,7.96244,6.63287,7.26266,6.26415,7.84496,8.46684,8.78963,9.16312,5.50184,6.38889,4.97115,4.98857,5.33955,5.37073,4.30986,8.0,7.00637
240,Q66,6.58333,4.18692,3.43023,4.38017,7.10345,10.385,10.9221,11.1854,10.622,10.3325,12.3833,11.652,12.1613,14.1547,15.8387,15.3716,15.3392,15.2939,13.9877,11.3832,10.0417,8.69409,7.55271,6.9759,12.0064
241,Q23,9.09091,10.16,48.0,0.0,6.11765,13.7569,13.4351,13.1215,9.98594,8.95985,8.20626,7.73453,10.312,10.5087,10.5024,12.6028,13.687,14.534,9.77688,7.45367,7.00604,6.20267,7.56395,6.34586,10.1344
242,Q25,5.35971,4.43333,3.68571,8.5,14.602,12.4119,13.399,10.6562,10.2494,9.62317,11.1743,10.2878,12.1598,13.9109,13.561,9.68981,9.83221,11.2977,8.32421,9.06162,10.7658,8.6048,8.63173,7.04065,10.3586
243,Q65,8.39869,2.63953,2.0,2.51613,3.76023,9.25806,13.6064,12.0144,10.122,8.72898,10.6747,13.389,16.5822,15.6556,14.9332,12.7401,12.1961,12.7173,10.3749,10.4898,9.72231,8.26608,7.90618,9.96679,11.3499
244,Q19,0.0,0.0,0.0,0.0,0.0,6.92857,11.0455,14.8432,13.4597,10.0199,10.0887,9.46512,8.52193,10.4357,11.6298,13.2222,18.3188,13.6293,11.4299,7.64706,5.82222,4.82857,0.0,0.0,11.4354
245,BM3,3.22222,0.0,0.0,0.0,0.0,7.38889,14.5806,5.0,6.2931,4.05556,4.63333,0.0,0.0,1.0,1.3,0.0,3.0,13.0,3.88889,3.75,1.16667,0.0,0.0,1.0,6.20879
246,BM2,0.0,0.0,0.0,0.0,0.0,0.0,0.0,0.0,0.0,0.0,0.0,0.0,3.57143,3.91667,1.83333,6.66667,5.15,8.48276,5.77143,4.19355,3.53846,4.23077,3.90909,0.0,5.11379
247,BM5,3.2,0.0,0.0,0.0,0.0,8.16667,8.72662,9.58823,3.72,6.49153,3.14286,4.10526,1.5,0.0,2.0,5.92857,2.0,10.875,7.85185,11.6667,1.0,0.0,2.54545,4.5,7.25385
248,BxM9,0.0,0.0,0.0,0.0,0.0,0.0,0.0,0.0,0.0,0.0,0.0,0.0,0.0,0.0,0.0,0.0,12.0667,6.2,3.0,2.0,0.0,0.0,0.0,0.0,9.52174
249,QM11,0.0,0.0,0.0,0.0,0.0,0.0,0.0,0.0,0.0,0.0,0.0,0.0,0.0,0.0,0.0,0.0,0.0,0.0,0.0,0.0,0.0,0.0,0.0,0.0,0.0
250,QM20,0.0,0.0,0.0,0.0,0.0,0.0,0.0,0.0,0.0,0.0,0.0,0.0,0.0,0.0,0.0,0.0,0.0,0.0,0.0,0.0,0.0,0.0,0.0,0.0,0.0
251,QM12,0.0,0.0,0.0,0.0,0.0,0.0,0.0,0.0,0.0,0.0,0.0,0.0,0.0,0.0,0.0,0.0,0.0,0.0,0.0,0.0,0.0,0.0,0.0,0.0,0.0
252,QM44,0.0,0.0,0.0,0.0,0.0,0.0,0.0,0.0,0.0,0.0,0.0,0.0,0.0,0.0,0.0,0.0,0.0,0.0,0.0,0.0,0.0,0.0,0.0,0.0,0.0
253,QM6,0.0,0.0,0.0,0.0,0.0,0.0,0.0,0.0,0.0,0.0,0.0,0.0,0.0,0.0,0.0,0.0,0.0,0.0,0.0,0.0,0.0,0.0,0.0,0.0,0.0
254,QM2,0.0,0.0,0.0,0.0,0.0,0.0,0.0,0.0,0.0,0.0,0.0,0.0,0.0,0.0,0.0,0.0,0.0,0.0,0.0,0.0,0.0,0.0,0.0,0.0,0.0
255,QM5,0.0,0.0,0.0,0.0,0.0,0.0,0.0,0.0,0.0,0.0,0.0,0.0,0.0,0.0,0.0,0.0,0.0,0.0,0.0,0.0,0.0,0.0,0.0,0.0,0.0
256,QM42,0.0,0.0,0.0,0.0,0.0,0.0,0.0,0.0,0.0,0.0,0.0,0.0,0.0,0.0,0.0,0.0,0.0,0.0,0.0,0.0,0.0,0.0,0.0,0.0,0.0
257,QM8,0.0,0.0,0.0,0.0,0.0,0.0,0.0,0.0,0.0,0.0,0.0,0.0,0.0,0.0,0.0,0.0,0.0,0.0,0.0,0.0,0.0,0.0,0.0,0.0,0.0
258,QM32,0.0,0.0,0.0,0.0,0.0,0.0,0.0,0.0,2.8,4.0,0.0,0.0,0.0,0.0,0.0,0.0,0.0,0.0,0.0,0.0,0.0,0.0,0.0,0.0,3.0
259,QM36,0.0,0.0,0.0,0.0,0.0,0.0,0.0,0.0,0.0,0.0,0.0,0.0,0.0,0.0,0.0,0.0,0.0,0.0,0.0,0.0,0.0,0.0,0.0,0.0,0.0
260,QM7,0.0,0.0,0.0,0.0,0.0,0.0,0.0,0.0,0.0,0.0,0.0,0.0,0.0,0.0,0.0,0.0,0.0,0.0,0.0,0.0,0.0,0.0,0.0,0.0,0.0
261,BxM1,0.0,0.0,0.0,0.0,0.0,0.0,0.0,0.0,0.0,0.0,0.0,0.0,0.0,0.0,0.0,0.0,0.0,0.0,0.0,0.0,0.0,0.0,0.0,0.0,0.0
262,BxM11,0.0,0.0,0.0,0.0,0.0,0.0,0.0,0.0,0.0,0.0,0.0,0.0,0.0,0.0,0.0,0.0,0.0,0.0,0.0,0.0,0.0,0.0,0.0,0.0,0.0
263,BxM3,0.0,0.0,0.0,0.0,0.0,0.0,0.0,0.0,1.0,0.0,0.0,0.0,0.0,0.0,0.0,0.0,0.0,0.0,0.0,0.0,0.0,0.0,0.0,0.0,1.0
264,BxM2,0.0,0.0,0.0,0.0,0.0,0.0,0.0,0.0,0.0,0.0,0.0,0.0,0.0,0.0,0.0,0.0,0.0,0.0,0.0,0.0,0.0,0.0,0.0,0.0,0.0
265,BxM18,0.0,0.0,0.0,0.0,0.0,0.0,0.0,0.0,0.0,0.0,0.0,0.0,0.0,0.0,0.0,0.0,0.0,0.0,0.0,0.0,0.0,0.0,0.0,0.0,0.0
266,BxM4,0.0,0.0,0.0,0.0,0.0,0.0,0.0,0.0,0.0,0.0,0.0,0.0,0.0,0.0,0.0,0.0,0.0,0.0,0.0,0.0,0.0,0.0,0.0,0.0,0.0
267,QM15,0.0,0.0,0.0,0.0,0.0,0.0,0.0,0.0,0.0,0.0,0.0,0.0,0.0,0.0,0.0,0.0,0.0,0.0,0.0,0.0,0.0,0.0,0.0,0.0,0.0
268,QM25,0.0,0.0,0.0,0.0,0.0,0.0,0.0,0.0,0.0,0.0,0.0,0.0,0.0,0.0,0.0,0.0,0.0,0.0,0.0,0.0,0.0,0.0,0.0,0.0,0.0
269,BM4,0.0,0.0,0.0,0.0,0.0,0.0,8.96154,5.06061,4.29167,3.78571,2.0,1.0,2.90476,2.91667,1.90909,10.76,5.28947,4.04545,3.92308,5.57143,0.0,0.0,0.0,0.0,5.66667
270,QM4,0.0,0.0,0.0,0.0,0.0,0.0,0.0,0.0,0.0,0.0,0.0,0.0,0.0,0.0,0.0,0.0,0.0,0.0,0.0,0.0,0.0,0.0,0.0,0.0,0.0
271,QM1,0.0,0.0,0.0,0.0,0.0,0.0,0.0,0.0,0.0,0.0,0.0,0.0,0.0,0.0,0.0,0.0,0.0,0.0,0.0,0.0,0.0,0.0,0.0,0.0,0.0
272,QM10,0.0,0.0,0.0,0.0,0.0,0.0,0.0,0.0,0.0,0.0,0.0,0.0,0.0,0.0,0.0,0.0,0.0,0.0,0.0,0.0,0.0,0.0,0.0,0.0,0.0
273,BxM7,0.0,0.0,0.0,0.0,0.0,15.8667,4.0,0.0,0.0,0.0,0.0,0.0,0.0,0.0,0.0,0.0,0.0,0.0,0.0,0.0,0.0,0.0,0.0,0.0,13.8889
274,QM16,0.0,0.0,0.0,0.0,0.0,0.0,0.0,0.0,0.0,0.0,0.0,0.0,0.0,0.0,0.0,0.0,0.0,0.0,0.0,0.0,0.0,0.0,0.0,0.0,0.0
275,QM17,0.0,0.0,0.0,0.0,0.0,0.0,0.0,0.0,0.0,0.0,0.0,0.0,0.0,0.0,0.0,0.0,0.0,0.0,0.0,0.0,0.0,0.0,0.0,0.0,0.0
276,BxM8,0.0,0.0,0.0,0.0,0.0,0.0,0.0,10.5,8.66667,0.0,0.0,7.0,5.8,0.0,0.0,0.0,0.0,0.0,0.0,3.57143,0.0,0.0,0.0,0.0,7.625
277,QM34,0.0,0.0,0.0,0.0,0.0,0.0,0.0,0.0,0.0,0.0,0.0,0.0,0.0,0.0,0.0,0.0,0.0,0.0,0.0,0.0,0.0,0.0,0.0,0.0,0.0
278,BxM10,0.0,0.0,0.0,0.0,0.0,0.0,14.1667,8.66667,0.0,6.28571,3.5,0.0,3.75,3.4,4.15385,3.33333,5.0,7.27273,0.0,0.0,0.0,0.0,0.0,0.0,6.16049
279,QM18,0.0,0.0,0.0,0.0,0.0,0.0,0.0,0.0,0.0,0.0,0.0,0.0,0.0,0.0,0.0,0.0,0.0,0.0,0.0,0.0,0.0,0.0,0.0,0.0,0.0
280,BM1,0.0,0.0,0.0,0.0,0.0,0.0,1.66667,6.4898,5.85455,3.43902,1.83333,1.0,1.66667,1.0,0.0,7.76923,6.36585,6.2,6.16981,3.87097,3.625,2.23077,1.2,2.0,4.96491
281,QM21,0.0,0.0,0.0,0.0,0.0,0.0,0.0,0.0,0.0,0.0,0.0,0.0,0.0,0.0,0.0,0.0,0.0,0.0,0.0,0.0,0.0,0.0,0.0,0.0,0.0
282,QM31,0.0,0.0,0.0,0.0,0.0,0.0,0.0,0.0,0.0,0.0,0.0,0.0,0.0,0.0,0.0,0.0,0.0,0.0,0.0,0.0,0.0,0.0,0.0,0.0,0.0
283,QM3,0.0,0.0,0.0,0.0,0.0,0.0,0.0,0.0,0.0,0.0,0.0,0.0,0.0,0.0,0.0,0.0,0.0,0.0,0.0,0.0,0.0,0.0,0.0,0.0,0.0
284,Q22,0.0,0.0,0.0,0.0,0.0,0.0,0.0,0.0,0.0,0.0,0.0,0.0,0.0,0.0,0.0,0.0,0.0,0.0,0.0,0.0,0.0,0.0,0.0,0.0,0.0
285,Q41,0.0,0.0,0.0,0.0,0.0,0.0,0.0,0.0,0.0,0.0,0.0,0.0,0.0,0.0,0.0,0.0,0.0,0.0,0.0,0.0,0.0,0.0,0.0,0.0,0.0
286,Q6,9.8125,0.0,0.0,0.0,0.0,2.0,16.4,7.61538,11.3333,0.0,0.0,0.0,0.0,0.0,0.0,18.84,20.3438,20.7097,16.6098,14.6667,14.3333,12.125,8.66667,13.4839,14.9335
287,Q37,0.0,0.0,0.0,0.0,0.0,0.0,0.0,0.0,0.0,0.0,12.5,22.7143,10.8,10.8889,11.5556,14.5217,11.2917,17.0417,14.6129,18.1724,0.0,0.0,0.0,0.0,15.067
288,Q7,0.0,0.0,0.0,0.0,0.0,0.0,9.25,10.3667,8.46154,12.0,0.0,0.0,8.8,10.931,11.1163,13.12,5.0,0.0,0.0,0.0,3.2,6.46667,6.5,0.0,9.74673
289,Q10,5.81383,3.76159,3.35036,4.65753,12.72,15.5805,14.8688,13.6544,13.5489,10.4099,12.4773,10.3694,13.1445,13.6552,15.6999,13.0749,12.8086,12.602,11.781,9.44474,8.67231,8.95682,10.0483,7.55782,11.8343
290,Q111,0.0,7.77778,2.93333,2.26667,7.16667,6.73913,14.4815,12.0093,17.8507,12.7069,12.871,6.39286,6.8125,7.09302,11.4912,17.1529,19.2222,16.7879,12.6585,16.5172,5.0,0.0,13.4483,9.05714,12.8155
291,Q113,0.0,0.0,0.0,0.0,0.0,0.0,7.25,6.0,0.0,0.0,0.0,0.0,22.125,21.0,12.375,18.8627,16.4909,15.9302,13.3284,18.1163,13.0,0.0,0.0,0.0,15.949
292,Q21,0.0,0.0,0.0,0.0,0.0,0.0,0.0,0.0,0.0,0.0,0.0,0.0,0.0,0.0,0.0,0.0,0.0,0.0,0.0,0.0,0.0,0.0,0.0,0.0,0.0
293,Q64,0.0,0.0,0.0,0.0,0.0,0.0,0.0,0.0,0.0,0.0,0.0,0.0,0.0,0.0,0.0,0.0,0.0,0.0,0.0,0.0,0.0,0.0,0.0,0.0,0.0
294,Q110,0.0,0.0,0.0,0.0,0.0,0.0,0.0,0.0,0.0,0.0,0.0,0.0,0.0,0.0,0.0,0.0,0.0,0.0,0.0,0.0,0.0,0.0,0.0,0.0,0.0
295,Q60,9.0,8.27103,8.77928,10.0408,14.1953,7.35537,6.53333,0.0,10.25,8.41667,5.55556,12.8947,14.1224,18.303,16.8529,18.7692,18.6667,10.6364,20.0667,15.1429,16.8125,5.9375,5.8,4.42857,11.0389
296,Q35,0.0,0.0,0.0,0.0,0.0,0.0,0.0,0.0,0.0,0.0,0.0,0.0,0.0,0.0,0.0,0.0,0.0,0.0,0.0,0.0,0.0,0.0,0.0,0.0,0.0
297,Q69,2.55072,1.7027,0.0,0.0,0.0,4.04762,5.47059,7.62443,8.32107,5.25442,6.8983,6.04762,6.15,6.35052,8.42897,8.02375,9.49749,7.9443,7.01168,6.84122,5.51707,3.72789,4.03333,4.19,6.86324
298,Q33,4.57447,2.46479,1.96296,2.6,8.41379,13.4518,11.6455,12.5459,10.0882,9.81618,9.36601,8.27083,8.4557,11.92,12.2993,13.8333,12.5585,13.4161,11.9281,9.19214,7.43564,5.18254,5.90517,6.94495,9.93126
299,Q40,9.16667,3.07692,5.16667,0.0,0.0,0.0,0.0,0.0,16.875,5.33333,0.0,0.0,0.0,0.0,0.0,0.0,5.75,17.75,12.6667,0.0,0.0,0.0,8.5,2.6,8.20833
300,Q39,4.11594,1.98,3.625,2.57812,5.92,8.72321,10.4202,6.96215,7.30769,6.14973,4.55399,4.82805,6.77,7.41629,7.73404,7.08605,7.7638,9.71378,6.12813,4.93254,5.78,3.78788,4.76571,4.14545,6.56736
301,Q102,5.7931,5.75,1.7234,2.03571,3.14493,4.98113,3.55769,4.60294,4.36129,4.51587,5.57895,5.37838,6.72727,8.38095,6.625,6.39216,5.80952,5.59394,5.75362,3.07519,3.67073,3.21875,3.49451,3.46711,4.48806
302,Q29,0.0,0.0,0.0,0.0,1.75,4.94554,7.11419,7.85145,6.85882,7.26901,8.68,10.2664,11.5257,15.0198,11.1681,12.1743,11.9861,12.1991,9.85641,10.621,7.70833,3.63265,6.83333,6.36842,9.65891
303,Q49,7.125,0.0,0.0,0.0,8.16,16.876,16.6404,16.3333,14.9,10.7416,11.1905,8.625,11.53,13.1716,12.5685,14.8378,11.9178,12.992,10.2386,8.09494,9.56757,8.06173,8.44068,10.8889,12.1222
304,Q67,0.0,0.0,0.0,2.07143,3.45238,5.30282,9.0,9.6439,6.92222,5.24837,6.42222,4.52419,4.89899,5.67949,6.83333,9.93571,13.0567,11.137,8.46703,3.2439,4.21277,5.69014,6.54286,6.18182,7.36836
305,Q100,1.33333,0.0,0.0,2.11111,1.2,3.46429,11.5,11.1538,7.47581,4.6,4.92896,4.88827,5.42208,6.32164,6.55263,6.31274,7.74532,7.3,4.94819,5.87342,3.89167,4.32143,4.5597,3.68421,5.98021
306,Q104,0.0,0.0,0.0,0.0,0.0,0.0,3.75714,4.90909,4.84091,4.32941,5.74419,8.31915,7.55,12.2642,11.0137,8.4881,9.76923,10.64,8.25,4.27143,3.5,2.25,3.47368,2.03333,6.80934
307,Q11,0.0,0.0,0.0,0.0,0.0,0.0,0.0,0.0,0.0,0.0,0.0,0.0,0.0,0.0,0.0,0.0,0.0,0.0,0.0,0.0,0.0,0.0,0.0,0.0,0.0
308,Q18,2.53333,1.73333,0.0,0.0,4.6875,7.5508,10.4016,10.8553,9.88546,7.80255,9.11173,10.6917,11.233,13.2936,12.1667,14.1401,13.2584,14.5508,10.2876,8.97608,7.78571,7.40645,6.82906,4.58065,10.6098
309,Bx23,0.0,0.0,0.0,0.0,0.0,4.46154,5.78378,5.34783,4.66667,4.66667,4.13333,10.0,8.09091,7.05556,11.1765,9.18182,5.6,6.125,6.32,3.0625,3.38462,4.25,4.75,4.2,5.90152
310,Q50,3.72727,7.3,2.0,0.0,3.6,13.6667,17.2,19.2571,14.2308,10.5714,17.125,9.625,9.78261,12.5,13.6087,10.2623,20.5818,15.2093,19.16,14.68,7.58824,12.4615,6.71429,4.0,13.783
311,Q103,0.0,0.0,0.0,0.0,0.0,5.88889,7.21951,8.52308,5.94915,5.11111,1.0,2.52941,4.58824,4.24,7.10526,6.89583,9.10667,6.5443,4.42045,4.025,3.09375,2.34146,0.0,0.0,5.78101
312,Q72,2.81176,1.33333,0.0,0.0,4.86765,7.70139,9.96,11.3716,9.28571,7.87097,8.83621,11.7168,14.299,14.1528,14.1173,14.6357,17.3045,19.1535,14.3198,10.0612,7.44571,6.6746,5.24615,5.03704,11.3399
313,Q9,0.0,0.0,0.0,0.0,0.0,0.0,0.0,0.0,0.0,0.0,0.0,0.0,0.0,0.0,0.0,0.0,12.0,14.9333,10.6364,7.375,3.0,15.5455,7.0,0.0,11.2174
314,B100,2.11765,2.3,0.0,0.0,0.0,8.57143,5.7757,7.01562,8.47989,9.34123,7.09524,4.86503,5.78195,7.32494,10.2909,6.7956,8.36879,9.47859,5.99235,6.5,5.56354,3.30233,3.09615,3.15385,7.18997
315,B103,10.4651,7.07778,8.95833,0.0,1.0,14.0554,7.13523,10.2862,10.3314,9.45335,11.9463,9.75885,10.6418,13.0795,13.6892,12.4397,12.2957,14.2131,12.7888,11.5613,10.574,10.2951,8.77143,7.96512,11.4605
316,Q52-SBS,5.99038,3.75,0.0,0.0,0.0,14.8333,19.0204,14.4383,17.9013,12.3719,11.4826,9.47384,12.0644,16.2376,17.7035,18.3653,18.3115,18.7685,16.1849,12.2974,10.4671,9.9645,10.3322,7.92275,14.7696
317,Q114,0.0,11.36,6.17391,5.88889,5.27586,22.4444,8.0,0.0,23.8333,13.0385,9.15,15.9167,13.027,21.2759,27.28,18.7,16.3256,22.5965,17.8983,16.3043,17.1915,7.65385,14.4167,0.0,16.122
318,Q38,1.89888,0.0,0.0,0.0,0.0,6.23913,6.43411,9.74359,7.05952,7.59565,7.39106,7.31361,8.73362,10.75,10.6585,9.64208,9.4571,10.5064,8.09121,6.21723,5.55432,4.89823,4.1784,3.4759,7.91178
319,Q53-SBS,9.74411,7.46025,4.86431,5.64211,9.69825,18.3033,17.039,18.6585,17.9459,16.3936,15.4736,17.3267,20.1506,19.5058,24.7593,24.5981,23.6981,23.8372,19.213,15.9317,14.4434,13.4742,16.9857,14.2424,18.1592
320,Q70-SBS,3.28358,2.01667,2.2807,4.56693,4.728,4.5539,7.57556,4.2355,4.8871,5.27113,7.44311,9.31595,10.0153,8.32122,8.17636,7.12924,5.67409,5.85106,4.45852,5.15278,6.40129,4.36693,4.68966,4.02286,6.14823
321,Q101,2.6,0.0,0.0,0.0,0.0,8.0,8.625,8.64444,6.875,3.78125,4.36364,6.48276,7.34,5.88288,7.94089,8.22372,8.2697,7.71591,6.70312,4.92754,5.03226,3.38926,2.46667,3.81609,6.65901
322,SIM1C,10.0387,3.51418,2.59649,4.98837,7.69231,9.79191,5.26797,12.685,9.30196,7.61294,6.46635,6.61639,8.03293,11.5111,12.9637,10.2162,7.25103,6.52336,6.49758,7.33993,7.54434,6.82642,7.7817,10.062,8.59623
323,SIM35,0.0,0.0,0.0,0.0,0.0,5.58929,4.47347,4.03871,4.22321,3.06122,0.0,0.0,0.0,0.0,0.0,4.27161,5.56757,4.46275,3.54922,2.28571,0.0,0.0,0.0,0.0,4.22235
324,SIM32,0.0,0.0,0.0,0.0,0.0,0.0,4.35433,3.99242,4.87766,4.0,0.0,0.0,0.0,0.0,0.0,3.5,5.6473,4.67917,3.31646,2.02381,0.0,0.0,0.0,0.0,4.30221
325,B39,0.0,0.0,0.0,0.0,0.0,0.0,0.0,2.17391,2.22727,3.07018,3.72727,4.60938,6.0,4.47222,4.59016,3.91304,4.03704,2.95455,3.22222,1.97727,2.2027,1.36364,0.0,0.0,3.41431
326,B32,0.0,0.0,0.0,0.0,0.0,0.0,0.0,3.14667,3.4881,3.09091,2.41007,2.55729,2.63402,3.01622,4.85405,4.11475,4.74138,4.576,4.52258,2.17241,1.95489,2.33871,0.0,0.0,3.37981
327,S55,0.0,0.0,0.0,0.0,0.0,0.0,1.81818,1.57669,1.88889,2.03279,2.26994,2.04167,2.14545,2.25,2.49474,2.58403,2.7732,1.80347,1.55932,1.4086,0.0,0.0,0.0,0.0,2.1468
328,S86,0.0,0.0,0.0,0.0,0.0,0.0,0.0,0.0,0.0,0.0,0.0,0.0,0.0,0.0,0.0,0.0,7.08247,5.49074,5.87931,0.0,0.0,0.0,0.0,0.0,6.1635
329,S90,0.0,0.0,0.0,0.0,7.44898,25.775,26.8792,9.98425,7.23529,0.0,0.0,0.0,0.0,0.0,0.0,20.4681,18.1778,29.415,16.0743,7.15385,9.38095,15.625,10.9333,15.6038,18.2959
330,QM35,0.0,0.0,0.0,0.0,0.0,0.0,0.0,0.0,0.0,0.0,0.0,0.0,0.0,0.0,0.0,0.0,0.0,0.0,0.0,0.0,0.0,0.0,0.0,0.0,0.0
331,QM40,0.0,0.0,0.0,0.0,0.0,0.0,0.0,0.0,0.0,0.0,0.0,0.0,0.0,0.0,0.0,0.0,0.0,0.0,0.0,0.0,0.0,0.0,0.0,0.0,0.0
332,Bx99,0.0,11.9431,12.5314,13.2026,12.7423,7.43187,3.1875,0.0,0.0,0.0,0.0,0.0,0.0,0.0,0.0,0.0,0.0,0.0,0.0,0.0,0.0,0.0,0.0,0.0,11.771
333,M99,0.0,8.27969,7.65517,8.04193,8.86357,5.43103,4.18182,0.0,0.0,0.0,0.0,0.0,0.0,0.0,0.0,0.0,0.0,0.0,0.0,0.0,0.0,0.0,0.0,0.0,7.87186
334,B99,0.0,8.98281,9.0433,9.73806,11.2937,7.91393,0.0,0.0,0.0,0.0,0.0,0.0,0.0,0.0,0.0,0.0,0.0,0.0,0.0,0.0,0.0,0.0,0.0,0.0,9.68417
