id,published_line_ref,0_hour,1_hour,2_hour,3_hour,4_hour,5_hour,6_hour,7_hour,8_hour,9_hour,10_hour,11_hour,12_hour,13_hour,14_hour,15_hour,16_hour,17_hour,18_hour,19_hour,20_hour,21_hour,22_hour,23_hour,total
1,M3,0,0,0,0,0,0,0,0,0,0,0,0,0,0,0,0,0,0,0,0,0,0,0,0,0
2,B1,43,26,0,0,0,0,0,125,361,1316,1547,2360,2841,2881,3608,5670,7403,5600,3817,2851,2318,1041,310,224,44342
3,BxM6,0,0,0,0,0,0,0,0,0,0,0,0,0,0,0,0,0,0,0,0,46,6,22,89,163
4,SIM10,0,0,0,0,1353,7291,7930,4740,3227,600,0,0,0,0,2877,7565,7062,6139,5871,2244,24,0,0,0,56923
5,B44,5059,3018,1896,1863,2904,4017,9009,13365,13205,10926,11145,11634,12167,16749,22061,24890,23170,16616,14450,13084,10568,7502,6516,5631,261445
6,Q12,109,0,0,0,15,122,230,285,595,602,312,219,555,849,1030,660,1078,863,746,1109,995,1351,1345,543,13613
7,Bx5,0,0,0,0,0,221,253,189,385,218,466,604,656,800,1282,2031,1419,1558,1321,681,502,391,196,0,13173
8,M1,0,0,0,0,0,0,0,0,0,0,0,0,0,0,0,0,0,0,0,0,0,0,0,0,0
9,Bx21,0,0,0,0,0,0,0,0,0,0,0,0,0,0,0,0,0,0,0,0,0,0,0,0,0
10,QM24,0,0,0,0,0,0,0,0,0,0,0,0,0,0,0,0,0,0,0,0,0,0,0,0,0
11,Q112,0,0,0,0,0,0,0,0,0,0,0,0,0,0,0,0,0,0,0,0,0,0,0,0,0
12,Q8,0,0,0,0,0,41,638,565,760,272,448,253,287,172,64,0,0,0,109,148,161,193,0,0,4111
13,Q47,513,21,0,0,0,1657,2623,3776,3204,3231,2284,2158,2849,3663,5234,6315,4965,4774,4393,4274,1898,1868,988,903,61591
14,Bx6-SBS,0,0,0,0,0,1941,14394,17156,17473,14273,11053,13737,16983,24076,31522,38291,38346,33179,28101,24425,16353,7616,759,0,349678
15,Bx36,4666,2865,1401,759,985,4215,11370,21427,26165,19872,18180,18831,25068,31758,38685,45645,45903,38697,31254,23309,16128,10594,8178,6066,452021
16,Bx6,2813,1325,697,1611,3097,5667,6008,8394,9888,6658,5328,6864,10101,12362,15752,16875,18662,16399,13733,9580,6464,5571,5347,3981,193177
17,Bx35,1811,688,357,237,633,2259,4833,9128,9607,8759,8224,9432,11009,13463,17227,19003,20056,18604,14376,11703,7108,4389,3658,3454,200018
18,B35,6851,2736,2007,1289,3542,9091,19635,37048,45360,40864,42119,47100,56023,70317,87681,106041,109260,91000,74965,54955,38498,23593,16053,11064,997092
19,Bx19,4333,1971,2650,2616,3185,6019,10501,17885,21075,18084,18132,21447,24383,29768,36657,46619,45377,37544,28241,20282,14080,11248,9175,8058,439330
20,Bx39,1199,432,832,858,1865,3413,5368,10675,10243,10203,10757,10201,13683,17941,23800,27428,22800,17526,15724,11710,8394,5393,4119,2305,236869
21,Bx2,88,0,0,0,0,60,149,241,1298,1335,918,1904,2786,3471,5115,4888,4122,3678,2848,1818,858,406,377,294,36654
22,Bx40,65,55,26,68,384,938,1134,2210,2242,1999,1534,1676,1712,1347,3022,3561,2883,1326,1416,1167,937,614,359,548,31223
23,Bx1,442,1003,1362,774,1302,421,99,575,827,866,1488,1877,1255,773,601,2549,5033,4067,4092,2859,1002,1165,724,478,35634
24,Bx22,201,13,0,0,0,157,599,701,1164,1051,1255,1010,1910,1779,2444,3383,3426,4295,3901,3010,3455,2669,1633,1124,39180
25,Bx42,286,44,0,0,84,196,530,518,948,1768,1286,1175,1355,1075,1788,2579,3000,1711,3015,1893,965,370,304,84,24974
26,Bx15,663,617,461,718,726,317,1511,1574,1446,1294,1463,2038,1394,1534,2690,3647,4923,5174,6341,2809,2924,1177,973,968,47382
27,Bx12,0,0,0,0,0,2,316,429,535,208,158,33,110,148,497,458,321,10,0,0,0,0,0,0,3225
28,Bx41,80,61,190,45,188,47,144,130,0,0,0,0,22,0,0,225,0,77,280,252,184,310,0,5,2240
29,Bx9,193,70,3,0,58,247,922,1445,1174,923,1651,2029,2207,2964,3827,7745,8412,7751,6886,3572,2387,1478,1632,440,58016
30,Bx4A,0,0,0,0,0,88,617,811,927,1100,875,1071,990,1319,1634,1564,2990,3197,2382,1987,888,1179,271,169,24059
31,Bx4,1182,1648,1679,1183,1971,1369,577,557,1295,1366,791,478,699,573,718,1732,3028,1887,2503,922,1620,332,1210,1218,30538
32,Q59,852,653,782,1185,1622,3668,10325,13253,10912,7469,7724,6821,8081,10201,15325,19510,22558,21381,15284,9723,5908,4298,3263,2000,202798
33,SIM22,0,0,0,0,0,1059,2227,1829,791,522,21,0,0,0,0,1168,1719,1356,929,501,44,0,0,0,12166
34,SIM3,0,0,0,0,0,1999,2815,1644,1124,647,122,0,0,10,8,1717,2253,2006,1409,204,0,0,0,0,15958
35,X68,0,0,0,0,0,0,1033,1748,1191,495,32,0,0,0,0,0,1663,2476,1703,766,155,1,0,0,11263
36,X63,0,0,0,0,0,184,1698,1920,1208,384,0,0,0,0,0,37,1284,2858,2661,1204,123,0,0,0,13561
37,X64,0,0,0,0,0,68,929,691,603,89,0,0,0,0,0,0,763,221,498,552,2,0,0,0,4416
38,SIM4,0,0,0,0,0,1037,2417,2893,1977,647,117,0,0,0,0,9,2282,2797,1795,363,16,0,0,0,16350
39,B16,0,0,0,0,0,0,0,0,0,0,0,0,0,0,0,0,0,0,0,0,0,0,0,0,0
40,X37,0,0,0,0,0,0,1062,2453,2136,459,0,0,0,0,0,63,1827,2607,2523,1378,27,0,0,0,14535
41,X28,103,1,0,0,0,1772,3817,2822,2088,1905,908,809,1104,1303,2074,3589,3330,3263,2710,2615,1239,516,255,123,36346
42,B4,0,0,0,0,0,0,0,0,0,0,0,0,0,0,0,0,0,0,0,0,0,0,0,0,0
43,SIM30,0,0,0,0,0,1432,2846,2680,1060,168,0,0,0,0,0,13,2158,3145,1681,667,20,0,0,0,15870
44,X38,0,0,0,0,0,0,1180,2804,1897,378,0,0,0,0,0,345,2296,3049,2344,496,0,0,0,0,14789
45,X27,177,15,0,0,0,854,1766,1731,1989,2231,2929,1972,1597,2274,3375,3956,2623,2855,2001,2013,1295,781,625,737,37796
46,SIM15,0,0,0,0,1,1226,2579,2739,1862,1041,71,0,0,0,0,966,1870,2459,1711,466,36,0,0,0,17027
47,B8,0,0,0,0,0,0,0,0,0,0,0,0,0,0,0,0,0,0,0,0,0,0,0,0,0
48,B11,0,0,0,0,0,0,0,0,0,0,0,0,0,0,0,0,0,0,0,0,5,0,0,0,5
49,B69,0,0,0,0,0,0,0,0,0,0,0,0,0,0,0,0,0,0,0,0,0,0,0,0,0
50,SIM26,0,0,0,0,318,2639,2298,1109,771,430,0,0,0,0,965,1679,1515,1326,664,339,182,38,0,0,14273
51,SIM8X,0,0,0,0,0,0,420,348,184,9,0,0,0,0,0,0,546,459,416,145,14,0,0,0,2541
52,B70,0,0,0,0,0,0,0,0,0,0,0,0,0,0,0,0,0,0,0,0,0,0,0,0,0
53,SIM25,0,0,0,0,404,2745,1840,1428,1012,237,2,0,0,0,0,584,1492,1448,1429,742,272,5,0,0,13640
54,SIM1,0,0,0,0,0,2772,7058,5845,4250,623,0,0,0,0,30,5672,8804,7349,5571,2703,51,0,0,0,50728
55,SIM9,0,0,0,0,0,676,1244,801,536,172,0,0,0,0,68,1039,959,602,458,238,43,0,0,0,6836
56,B43,0,0,0,0,0,0,0,0,0,0,0,0,0,0,0,0,0,0,0,0,0,0,0,0,0
57,SIM31,0,0,0,0,0,915,1315,1246,1238,474,0,0,0,0,0,249,1570,1162,1339,983,73,0,0,0,10564
58,SIM4C,1242,113,1,0,1542,2605,1900,1924,1693,3221,2369,2499,3881,4181,6698,8322,3449,2528,2915,4337,3378,2185,1375,2014,64372
59,SIM7,0,0,0,0,0,1275,2855,2008,960,166,0,0,0,0,564,2317,2274,1512,1421,1011,78,0,0,0,16441
60,SIM5,0,0,0,0,1,896,2290,1545,1633,632,2,0,0,0,0,1206,1812,1652,855,146,0,0,0,0,12670
61,SIM6,0,0,0,0,41,3461,6319,5367,2816,1148,42,0,0,0,1845,4692,5429,4326,3015,1617,539,9,0,0,40666
62,B63,0,0,0,0,0,0,0,0,0,0,0,0,0,0,0,0,0,0,0,0,0,0,0,0,0
63,SIM11,0,0,0,0,63,2234,3922,2874,1677,809,57,0,0,0,0,1241,2414,2178,1429,468,2,0,0,0,19368
64,SIM34,0,0,0,0,171,1429,3692,2744,1955,986,4,0,0,0,4,2406,4949,3813,2433,795,0,0,0,0,25381
65,SIM3C,1136,266,19,0,0,85,817,1347,976,780,1422,1349,2098,3204,6063,6174,2278,2180,1614,4144,3127,2043,1635,1897,44654
66,SIM33C,1498,245,63,0,0,156,1669,3353,2363,3361,3260,2730,3215,4920,6825,7497,4218,4032,2606,2852,4716,4107,2952,2672,69310
67,Bx17,0,0,0,0,0,0,0,0,0,0,0,0,0,0,0,0,0,0,0,0,0,0,0,0,0
68,SIM4X,0,0,0,0,0,0,359,375,94,0,0,0,0,0,0,0,595,484,204,3,0,0,0,0,2114
69,SIM33,0,0,0,0,0,1302,1897,1523,853,525,0,0,0,0,99,1412,1897,1531,1517,821,6,0,0,0,13383
70,Bx8,0,0,0,0,0,0,0,0,0,0,0,0,0,0,0,0,0,0,0,0,0,0,0,0,0
71,Bx31,0,0,0,0,0,0,0,0,0,0,0,0,0,0,0,0,0,0,0,0,0,0,0,0,0
72,SIM8,0,0,0,0,1648,4531,4177,3013,1862,1169,75,0,0,54,2806,5133,3821,2974,2930,1763,717,306,13,0,36992
73,Bx27,0,0,0,0,0,0,0,0,0,0,0,0,0,0,0,0,0,0,0,0,0,0,0,0,0
74,Bx11,0,0,0,0,0,0,0,0,0,0,0,0,0,0,0,0,0,0,11,0,0,0,0,0,11
75,Bx32,0,0,0,0,0,0,0,0,0,0,0,0,0,0,0,0,0,0,0,0,0,0,0,0,0
76,Bx33,0,0,0,0,0,0,0,0,0,0,0,0,0,0,0,0,0,0,0,0,0,0,0,0,0
77,Bx46,0,0,0,0,0,0,0,0,0,0,0,0,0,0,0,0,0,0,0,0,0,0,0,0,0
78,B61,0,0,0,0,0,0,0,0,0,0,0,0,0,0,0,0,0,0,0,0,0,0,0,0,0
79,B67,0,0,0,0,0,0,0,0,0,0,0,0,0,0,0,0,0,0,0,0,0,0,0,0,0
80,B9,0,0,0,0,0,0,0,0,0,0,0,0,0,0,144,987,760,75,0,0,0,0,0,0,1966
81,B68,0,0,0,0,0,0,0,0,0,0,0,0,0,0,0,0,0,0,0,0,0,0,0,0,0
82,M20,83,3,0,0,0,0,0,40,288,263,413,610,551,761,960,918,1114,788,648,554,380,147,184,141,8846
83,M7,0,0,0,0,0,0,0,0,0,0,0,0,0,0,0,0,0,0,0,0,0,0,0,0,0
84,M2,0,0,0,0,0,0,0,0,0,0,0,0,0,0,0,0,0,0,0,0,0,0,0,0,0
85,M5,0,0,0,0,0,0,0,0,0,0,0,0,0,0,0,0,0,0,0,0,0,0,0,0,0
86,M98,0,0,0,0,0,0,0,0,0,0,0,0,0,0,0,0,0,0,0,0,0,0,0,0,0
87,M4,0,0,0,0,0,0,0,0,0,0,0,0,0,0,0,0,0,0,0,0,0,0,0,0,0
88,M96,0,0,0,0,0,0,0,0,0,0,0,0,0,0,0,0,0,0,0,0,0,0,0,0,0
89,M11,0,0,0,0,0,0,0,0,0,0,0,0,0,0,0,656,32,0,0,0,0,0,0,0,688
90,M9,0,0,0,0,0,0,1,260,1382,2478,2264,2423,1363,1410,1605,1402,1827,1842,1049,562,357,204,179,13,20621
91,M21,0,0,0,0,0,0,0,43,46,91,38,81,156,211,173,164,141,67,96,64,44,20,0,0,1435
92,M42,447,426,262,235,310,389,1737,2520,2199,1369,1063,1078,779,1425,1866,2323,3717,3076,2546,1389,1043,1287,1049,824,33359
93,M31,0,0,0,0,0,0,0,0,0,0,0,0,0,0,0,0,0,0,0,0,0,0,0,0,0
94,M12,0,0,0,0,0,0,2,176,122,199,238,245,344,342,235,261,467,287,274,191,156,150,53,0,3742
95,M116,0,0,0,0,0,0,0,0,0,0,0,0,0,0,0,0,0,0,0,0,0,0,0,0,0
96,M104,0,0,0,0,0,0,0,0,0,0,0,0,0,0,0,0,0,0,0,0,0,0,0,0,0
97,B12,2387,1341,1358,849,1614,3728,8420,13596,14457,13670,11362,10503,12394,15056,20814,22833,21597,16846,14487,10632,10290,6111,4202,3505,242052
98,B26,1731,1543,1000,667,1428,2642,3287,7523,8340,9428,10927,10594,12499,14321,17915,21518,22551,19789,16199,11064,6067,4736,3059,2897,211725
99,Q24,1971,3007,5272,5306,5943,6152,7138,9969,8810,6704,6228,6810,6972,8023,12328,13384,12819,10175,11705,9025,7301,5471,3560,3160,177233
100,B14,1077,630,225,162,290,1204,1649,4712,5743,6238,6577,7556,8122,8202,9442,12533,10908,10575,7131,4868,3916,3016,2155,1085,118016
101,B45,728,230,0,0,0,497,1194,1919,2517,2577,3137,3639,4758,5993,7593,9728,9964,7741,7023,4264,2125,1502,1065,896,79090
102,M10,0,0,0,0,0,0,0,0,0,0,0,0,0,0,0,0,0,0,0,0,0,0,0,0,0
103,B13,1583,602,18,0,284,2091,7321,8980,7571,6400,6405,8520,8941,10982,14337,20138,19190,16368,13125,10696,6800,3900,3821,2704,180777
104,Q55,767,302,317,321,726,3182,4866,8645,6104,4572,3871,4200,4178,5783,7295,9125,12090,11334,11134,7653,5978,4710,2705,1467,121325
105,Q58,4567,2665,1825,1986,4389,16317,34882,42096,36530,33679,30779,29967,32733,42548,49219,63811,67605,64329,56273,39362,25422,16503,16429,9623,723539
106,Q36,610,310,126,135,318,1115,2590,3062,3047,2854,2274,2388,2918,3524,4357,4250,4819,4383,4854,3584,1621,906,696,753,55494
107,Q46,3018,611,359,263,221,2455,7787,11492,10508,7950,6739,7668,8344,10921,14439,18800,20666,15555,13731,8827,8244,6530,6471,5395,196994
108,B7,412,400,14,0,374,960,3480,4666,6418,5443,4507,3841,3325,4456,7093,11171,12384,10927,10266,7148,4370,2141,1206,688,105690
109,M106,0,0,0,0,0,0,0,0,0,0,0,0,0,0,0,0,0,0,0,0,0,0,0,0,0
110,Bx26,9,0,0,0,0,282,4802,8561,8907,7140,6197,7159,8716,11218,16204,18665,17681,16404,13405,9132,6022,4465,3501,759,169229
111,B52,1375,658,617,835,1058,2823,6080,9654,12105,12028,11472,11619,13569,15600,18556,25831,26530,19623,19885,16196,11262,6361,2964,2494,249195
112,Bx16,1223,176,0,0,0,2503,6142,8979,8815,7651,6960,6932,8051,10584,13836,15313,15038,14678,12083,8560,6363,4987,3249,2315,164438
113,Bx30,764,3,0,0,0,883,5102,11030,13333,10556,10073,12146,12854,16075,21751,28627,25590,21226,16107,10768,7431,5026,4405,3210,236960
114,M22,0,0,0,0,0,21,36,242,362,500,295,425,303,427,294,733,426,438,289,52,26,18,2,15,4904
115,B82,3703,3480,1540,1194,2788,5688,10757,18755,21223,15672,15047,15607,17392,20856,24275,29602,31270,25412,24683,19664,12955,8481,6233,5142,341419
116,M50,59,6,0,0,5,15,55,225,319,213,244,204,309,481,301,667,490,646,582,341,322,251,187,224,6146
117,Q2,1046,452,150,216,293,2282,2961,3449,2453,2665,2388,2293,3012,4808,5245,6731,5028,4855,4510,3776,2447,2461,1582,858,65961
118,Q32,973,3276,4845,4195,5743,2664,2837,5320,6103,6055,7024,8133,10302,12369,15795,17278,15946,13582,11865,7949,4825,3369,2338,1274,174060
119,Q20A,1628,700,278,349,684,1739,3646,5984,6200,5702,6353,6044,6994,9431,8336,10624,11774,10293,8653,7561,4459,3693,2567,2061,125753
120,B17,1801,331,202,202,433,2737,5553,9357,9377,7633,6442,6437,8506,8321,11394,14718,14693,16680,16926,11499,8118,5026,3936,2126,172448
121,Q26,0,0,0,0,0,195,471,514,362,190,0,0,0,0,0,396,346,359,501,193,102,0,0,0,3629
122,Q48,404,176,17,0,58,558,1171,1046,879,625,545,961,931,1474,1796,1492,1516,1712,1397,1307,1020,657,945,499,21186
123,Q13,511,226,147,18,42,841,2345,5183,5710,5505,5943,5242,5017,6525,7456,9181,9318,6955,6899,4196,2650,2402,1532,957,94801
124,Q16,108,104,0,0,71,332,673,1719,1586,1373,1064,964,1085,858,1329,1659,2058,2019,1565,1490,688,745,497,318,22305
125,Q20B,8,0,0,0,0,464,2283,3114,3320,2557,2492,3154,3054,3529,6480,6355,6389,4950,4456,2656,1655,945,1293,103,59257
126,Q15A,50,0,0,0,0,385,1457,1969,1485,1587,813,944,871,1276,708,824,1469,1798,1135,1019,422,658,389,137,19396
127,Q28,254,252,72,104,371,1962,3827,5845,5207,4381,4501,3948,5148,5441,6506,8003,8353,6854,6173,3447,2494,1742,2057,1230,88172
128,Q76,0,0,0,0,0,357,3372,6245,4593,3730,2657,2908,2764,3772,5716,6304,6825,5392,4828,3300,2018,1770,1006,130,67687
129,Q31,26,0,0,0,0,83,1105,2135,3257,2734,2417,2480,2305,2316,3523,5714,6446,5456,5816,2656,1746,937,785,353,52290
130,Q15,12,4,0,0,0,917,836,977,1503,836,731,902,1173,940,1173,1403,1394,890,1797,904,1115,705,192,142,18546
131,B15,11717,7145,5344,6474,8900,14127,21205,31667,30419,26043,26208,29529,36325,45195,53967,65408,60261,52052,44140,37463,30574,23790,19581,15582,703116
132,B65,512,118,0,0,121,448,894,1795,1885,1480,1624,2103,2530,3072,4470,4621,4715,5271,4691,3209,2866,2798,1634,809,51666
133,SIM2,0,0,0,0,119,1275,2246,1317,954,280,0,0,0,0,1663,2192,2473,2221,967,511,142,7,0,0,16367
134,B41,5962,3899,1875,1935,4747,6883,12062,22210,26988,30278,33182,41162,49174,63507,74695,85352,77723,67327,56114,41185,26229,14793,10496,6635,764413
135,Bx34,539,65,0,0,0,1426,3099,4350,4029,3649,3890,4363,5372,5872,7034,8331,7522,5681,3769,3011,1816,1361,1503,1125,77807
136,Bx20,0,0,0,0,0,0,4,393,608,164,0,0,0,0,0,319,1214,1080,979,508,43,0,0,0,5312
137,Bx13,1247,152,0,0,3,2538,4035,8165,10724,10198,11312,13089,16325,20090,25124,28182,29435,27309,22051,17640,11260,6327,4959,2342,272507
138,M100,2669,831,0,0,205,1644,5213,10767,14145,15053,17310,23100,27782,34402,41230,45349,44145,30803,26519,21689,13262,7621,5743,3835,393317
139,Bx3,2656,573,0,0,0,1432,6505,11732,13846,11774,13113,14196,17876,23134,28256,32624,33192,29012,23745,18300,13571,8123,6047,4732,314439
140,Bx10,1337,199,53,54,380,2238,7252,14283,13298,11842,10651,10638,12968,17760,22136,25961,26095,21688,18252,12642,8013,5217,4411,2836,250204
141,Bx7,1310,180,0,0,26,1963,8647,13723,12987,12217,14337,17582,20350,24646,30035,34966,29236,26918,21888,16255,9832,6076,3309,2456,308939
142,B46,6209,2938,2609,2890,4197,6842,8717,11557,13436,13837,12170,12595,13238,15277,20009,22183,24642,17794,15200,10946,10110,7764,7167,7763,270090
143,Bx38,123,0,0,0,0,190,3081,6357,7108,6686,6478,6325,7194,11070,15720,16826,16590,14531,10646,7596,5535,3499,2212,640,148407
144,Bx28,3020,1217,551,488,1142,3891,7423,8111,7598,7313,8533,9914,12011,14238,19116,21383,20946,18527,15039,9755,6032,4618,4792,5919,211577
145,B24,453,95,0,0,0,1280,4369,5049,3602,2632,1655,1917,2421,3429,3051,3966,5637,4675,3790,2772,1412,963,1199,886,55253
146,B54,988,543,409,399,693,1751,4440,7587,9713,7028,6819,8823,10378,14123,17174,20257,20185,17529,12266,7419,4442,3030,2579,2194,180769
147,Q54,2953,2440,2081,2077,3691,8817,14693,17137,14358,11041,9939,9975,12556,15772,20524,27882,29049,23349,19488,14363,10106,6990,6429,4512,290222
148,Bx29,562,151,8,0,192,906,1167,1465,1799,1825,1805,1879,2107,2714,3187,4002,4233,3417,2141,1523,1375,1320,1671,1043,40492
149,B25,1437,922,1068,362,594,583,1606,3392,4950,6993,7907,9354,11012,11853,13316,16995,14443,12069,10548,6399,4005,2578,1642,1492,145520
150,B83,1133,100,0,0,61,1456,4440,5792,7501,6988,7486,8195,9057,11698,14539,13906,13187,8684,7514,5634,4517,3652,3356,2060,140956
151,Q56,2137,1898,819,1213,2388,2917,3854,5516,5796,6347,6649,7399,7678,8227,10652,13655,10138,10143,7399,4750,3092,1801,2231,2035,128734
152,B47,1310,801,611,422,1178,3698,9475,13965,14847,13501,13285,16721,18967,22093,25635,30233,29673,28095,19859,15204,10022,5720,3688,2508,301511
153,B20,2327,1255,319,0,5,1071,3700,8478,8595,6833,6396,7032,7654,9037,11680,14628,15909,14241,10474,8544,6740,5604,4632,3205,158359
154,B49,1397,613,112,0,308,1405,2586,5774,6685,6271,5673,5437,7445,8238,10710,12818,11965,10324,7791,5606,4248,2272,1534,1341,120553
155,Q27,1859,983,433,436,1297,5073,11701,15421,13962,13667,12307,11653,14483,14372,18235,21739,24194,23150,21665,17010,13961,12945,8130,4637,283313
156,B62,984,924,1056,916,1069,3090,7019,8151,8977,7793,6702,6956,7998,8993,11919,15216,14083,11692,10373,7027,4177,3237,3410,2094,153856
157,B38,0,0,0,0,0,0,0,0,0,0,0,0,0,0,0,0,0,0,0,0,0,0,0,0,0
158,B42,416,269,88,120,471,1622,2431,3315,3306,2469,2164,2167,2289,2816,3335,4143,4967,4363,4429,3153,2693,1344,854,488,53712
159,B6,8598,3411,1684,2663,5673,16573,35739,59200,60204,50856,40935,42231,50294,63607,77166,94722,93853,85109,77725,61151,45646,30395,22338,14785,1044558
160,B3,1989,544,143,149,706,2838,8243,17813,17105,14103,14682,15442,18698,23626,29845,38457,35145,32020,26428,17737,12479,8114,5335,4296,345937
161,B36,1208,522,434,244,571,2016,6850,16256,17808,13028,12329,11961,15300,17909,22311,25123,24341,17680,16500,11865,7488,3698,3090,2632,251164
162,B74,0,0,0,0,0,686,1824,2954,3041,2083,1889,2309,2538,2693,3957,5274,5437,4721,4504,3165,3209,1517,706,117,52624
163,M79-SBS,285,93,47,48,105,397,1443,4754,4732,4125,3485,4160,5365,6393,8536,11226,8506,7199,6176,3860,2481,1883,1452,925,87676
164,M102,242,149,338,249,366,313,834,1652,1700,2808,2542,1934,2727,4037,5479,6508,4909,3879,3489,2490,1934,857,682,410,50528
165,M101,966,717,37,0,40,638,2141,3423,4238,4627,4247,5914,5468,8084,9747,11908,8397,7323,6372,4334,2999,1994,2206,1372,97192
166,M103,131,0,0,0,0,165,594,802,1212,1035,1720,1728,2978,3243,4066,4162,3192,2601,2103,966,467,484,403,350,32402
167,M23-SBS,356,76,58,57,43,169,1859,2762,3413,3209,3032,4189,5579,6632,8265,8627,7786,5397,4330,3075,1710,1027,810,685,73146
168,M60-SBS,218,98,10,0,0,1,1069,1036,724,871,927,1535,1609,1180,2138,2489,1860,1611,965,911,1010,991,600,656,22509
169,Bx12-SBS,3,0,0,0,0,1596,15659,32258,33408,32322,32366,36562,47378,58781,83652,90125,88959,79871,70482,50958,37886,22200,12913,1781,829160
170,M34A-SBS,330,10,0,0,3,382,1474,2285,3125,2356,2033,2103,2265,2537,4368,5957,6218,4138,3820,2396,1683,1465,1096,1069,51113
171,M86-SBS,452,160,56,65,131,792,2724,5359,6280,4626,5158,5038,6606,8633,12406,14699,13346,11011,7646,5426,3360,3017,2368,1453,120812
172,B46-SBS,98,0,0,0,0,1410,6895,17411,20690,14724,14643,17126,19438,26334,37501,46904,51833,47235,39509,27679,20192,13944,7736,1976,433278
173,B44-SBS,22,0,0,0,0,730,7712,20958,25721,18394,16110,14296,20268,23573,30842,40769,41233,36714,31226,26414,17848,10126,6194,1667,390817
174,M14D-SBS,3221,962,511,343,862,3363,10725,15927,18024,16863,16205,18311,23912,29209,39033,45265,42299,34078,27832,20918,14526,10304,8393,5808,406894
175,Bx41-SBS,0,0,0,0,0,290,6731,14258,17607,12098,11438,12576,15516,23078,27057,30017,28042,22384,17339,12902,10369,3913,115,0,265730
176,M14A-SBS,1636,419,285,207,377,1522,3522,5680,8232,9114,10067,11211,13175,16160,18807,21396,18786,16763,12465,9238,6511,3980,3594,2864,196011
177,M15,986,1189,1688,1756,1228,658,1201,1499,1988,1946,2432,2592,2978,3381,4323,4593,4559,3797,2586,2480,1407,1403,1231,1592,53493
178,M35,768,0,0,0,0,402,1446,2260,2748,2980,1855,1798,1962,2133,2368,3364,3801,3364,2483,2796,3008,1723,1357,1427,44043
179,Q44-SBS,0,0,0,74,88,118,0,0,106,396,473,267,211,224,236,322,48,0,0,0,0,0,0,0,2563
180,M34-SBS,222,8,0,0,0,288,915,1903,2033,1564,1521,1677,1790,2641,3773,4610,4318,4516,3114,2242,1801,1299,1211,724,42170
181,M15-SBS,87,0,0,0,282,4150,17177,32359,41265,40679,41405,45778,53285,63773,79299,93578,89563,79146,62840,45709,32655,20011,14848,5155,863044
182,M55,41,47,0,0,0,0,0,87,159,290,304,382,422,668,724,1035,528,635,397,216,113,68,114,81,6311
183,M8,4,11,0,0,0,16,48,97,236,203,132,165,174,129,239,269,397,255,123,92,39,27,16,19,2691
184,Q1,252,387,102,167,275,483,1348,2461,1704,1287,1575,1983,1423,1322,1891,1886,2843,2806,2397,1872,1250,723,578,348,31363
185,Q88,95,0,0,0,0,15,3025,7156,7204,7120,5522,6647,7351,8906,11720,13817,14596,11516,10470,6859,5299,2930,1844,688,132780
186,S48,1828,1182,932,798,1569,3216,5486,5506,5854,6143,7698,9365,11724,14947,16100,15510,10146,8387,7570,5329,4411,2859,2912,2677,152149
187,S52,516,177,4,0,384,593,1537,2324,2102,1959,2908,2527,2993,3779,3456,5270,5102,4247,2961,3049,2605,2027,1944,1395,53859
188,S40,3415,4301,1983,1768,3133,11336,13351,10203,4112,2869,4524,7620,5800,7351,10072,8222,9281,9099,12001,4936,6744,7669,2254,2326,154370
189,S66,156,39,0,0,0,55,689,805,471,326,395,93,173,194,606,1260,598,957,755,388,287,447,446,552,9692
190,S51,529,582,369,309,490,2060,2802,3603,2746,2029,1958,2906,3262,3134,4693,5871,5108,3335,2274,2932,1480,1021,1184,1079,55756
191,S76,196,0,0,0,10,755,1386,2666,2312,2536,2544,2797,2748,3259,5241,7417,4856,3948,4316,4169,3043,2089,1764,1510,59562
192,S81,0,0,0,0,0,0,0,0,0,0,0,0,0,0,0,0,507,515,993,3,0,93,0,0,2111
193,S53,4232,2231,1527,1363,2841,9699,17788,18899,15029,13966,12234,11333,13656,15881,18878,23176,23330,24216,20275,15085,10404,8823,6243,5193,296302
194,S96,0,0,0,0,0,217,1330,907,588,0,0,0,0,0,0,17,1221,1491,1230,743,934,314,341,156,9489
195,S98,0,0,0,0,0,0,955,1481,442,0,0,0,0,0,0,2,1645,1670,2010,1120,542,515,274,0,10656
196,S93,0,0,0,0,0,23,1819,2360,1862,1876,1396,1752,2183,2745,2701,4088,3815,4190,2936,1767,774,575,380,0,37242
197,B84,0,0,0,0,0,98,170,165,104,129,70,100,98,107,390,1260,888,865,445,179,172,94,0,0,5334
198,B64,423,174,4,0,42,1538,3265,7253,7355,6885,5787,5037,6277,8098,11244,12201,9804,9261,7845,5982,3620,1769,1043,765,115672
199,B60,1659,1674,2201,1891,1375,2698,5395,9421,12577,10493,10170,11097,13468,15449,19423,23958,23940,19149,15360,9919,6625,4680,3458,2494,228574
200,B57,679,256,0,0,693,4007,8733,10060,9707,8408,7944,8913,11160,11400,13482,17846,19585,16910,13437,7348,3816,3258,3105,1788,182535
201,B31,311,62,0,0,145,700,1453,2580,2366,2198,1154,1203,1305,1298,1920,2863,3635,3803,2789,2032,1499,863,565,371,35115
202,Q5,3339,1227,479,438,1726,5581,8846,15299,13337,15918,14758,17034,19802,26972,33595,36001,38825,34281,29827,20853,16737,14119,9744,7607,386345
203,Q42,0,0,0,0,0,674,990,1290,1057,707,465,363,555,669,628,999,1278,1371,1086,907,137,0,0,0,13176
204,Q4,2721,1953,771,438,2213,4393,8387,10302,10169,8323,9019,8835,10061,11873,15876,19948,20622,19943,17859,12547,10853,8224,6805,4345,226480
205,Q30,552,15,0,0,0,1878,6741,8049,8952,6350,5054,4862,5721,7094,10255,13531,10878,9764,7089,4838,3346,2830,2367,1583,121749
206,Q3,3143,1942,1554,1718,4539,6561,9428,12368,9238,7867,7687,8797,11297,14466,16376,18562,17106,15435,15013,11782,11922,11594,7747,5414,231556
207,Q17,1969,778,144,270,1176,4235,10466,15850,17787,18410,17860,16914,17984,19094,24386,26451,31112,27587,23037,16592,12619,8537,7080,4239,324577
208,Q85,3604,2147,995,814,2750,7959,12227,16735,13538,12892,12719,15130,19491,25239,28347,30137,33054,29506,23353,17787,14052,9695,7533,5533,345237
209,M66,576,26,0,0,3,1121,3982,7423,7076,4938,4399,4591,5783,6941,10585,13829,12355,8971,7142,4551,2993,1628,1717,1586,112216
210,M72,155,0,0,0,0,189,1280,2758,3636,4251,3934,4421,5624,6944,8692,10566,9541,7771,5463,3896,2293,1286,1012,690,84402
211,M57,224,43,0,0,0,0,60,328,676,631,731,482,926,1076,1327,1595,1928,1474,1762,1343,865,763,489,365,17088
212,B2,68,1,0,0,4,703,722,1422,1502,1436,1596,2001,2301,2392,3536,3420,4593,3241,2724,1696,1192,584,301,187,35622
213,B82-SBS,8,0,0,0,166,2177,13439,26743,29247,21084,12716,12885,14187,20096,27526,33910,35759,33105,27466,19304,12019,6068,3871,1177,352953
214,Q77,0,0,0,0,0,225,3586,7291,7993,5846,5016,5867,6714,7984,11461,13693,13064,11660,9808,5811,3793,2042,368,0,122222
215,B48,634,149,176,155,315,1390,2832,3709,3847,2834,2521,2974,3726,4371,5034,5542,6858,5532,4051,2403,1227,997,883,750,62910
216,B37,0,0,0,0,0,0,0,0,0,0,0,0,0,0,0,0,0,0,0,0,0,0,0,0,0
217,Q43,1095,688,921,1144,2913,5054,12384,20825,16319,13730,11636,11943,11737,14213,15628,19874,19641,15676,13331,10573,7181,5110,3315,2072,237003
218,Q83,2114,1003,505,451,1149,4828,7099,7103,5863,5372,3711,4145,5850,6207,7744,9314,10606,8874,7928,6624,5768,4365,3481,1919,122023
219,S91,0,0,0,0,0,0,627,1656,1144,10,0,0,0,0,0,0,685,2147,2073,1487,32,0,0,0,9861
220,S94,0,0,0,0,0,0,571,994,287,0,0,0,0,0,0,68,1729,2581,1944,409,7,266,198,0,9054
221,S44,763,4,0,0,318,2343,5187,6132,6907,6841,7141,8016,7870,11925,13741,17916,15797,11351,10126,8667,7822,4881,3657,2687,160092
222,S78,2416,1773,1476,827,1852,4021,7918,11386,8766,8373,9150,8864,10028,13277,15198,17231,15576,12547,10880,6876,4579,4548,5118,3255,185935
223,S74,1467,1491,912,589,1518,5375,9849,11487,9076,8385,6388,7024,7537,9667,11204,14562,13013,9943,10227,8442,5174,4205,4684,3177,165396
224,S56,0,0,0,0,0,0,127,386,373,409,282,244,459,431,947,932,737,431,269,82,0,0,0,0,6109
225,S84,0,0,0,0,0,0,0,0,0,0,0,0,0,0,0,356,1134,1060,609,25,38,738,67,0,4027
226,S46,1758,1519,1602,789,2082,3267,5432,5974,5023,5263,5909,6341,6447,7140,9654,8927,10641,9718,9642,5238,3688,2551,2383,1969,122957
227,S42,69,267,0,0,0,216,163,184,65,25,2,0,0,26,100,56,472,229,523,431,145,172,173,123,3441
228,S54,0,0,0,0,0,1,549,475,517,221,262,374,518,566,1215,1378,1333,837,469,313,369,259,164,0,9820
229,S92,0,0,0,0,0,5,990,888,1170,22,0,0,0,0,0,0,550,1563,1083,175,0,0,0,0,6446
230,S59,1021,323,0,0,137,1914,5487,7211,6200,5259,4312,4287,4459,5860,7871,12115,11358,10761,8194,5509,3550,2491,2603,1438,112360
231,S89,0,0,0,0,0,132,583,1205,662,462,27,0,0,0,0,51,750,1399,1198,208,43,0,0,0,6720
232,S61,214,0,0,0,34,1149,2632,3328,3597,5118,4991,5154,5974,7544,9610,11506,9110,5341,5177,3074,3719,2393,1636,526,91827
233,S62,700,1234,668,621,1260,2560,3817,5303,3703,3271,3574,2778,3433,4223,5326,5836,6618,4005,3569,3104,2106,1775,1948,1267,72699
234,Bx24,53,9,4,8,11,48,203,402,627,407,636,754,613,778,1060,1345,1236,1147,397,498,349,510,362,202,11659
235,Q84,1017,469,0,0,495,1588,3685,5937,5461,4900,4040,3756,4269,5763,7583,7973,8086,8247,7381,5056,4000,2553,1541,957,94757
236,Bx18,0,0,0,0,0,2,467,1770,2236,1660,1452,1133,1524,2769,3437,4301,3120,2509,2565,2002,904,623,320,0,32794
237,S79-SBS,1662,26,0,0,1208,7932,25514,37691,29544,27468,24947,24876,26683,31660,39745,50789,53668,49806,40687,28861,22138,13919,10721,6080,555625
238,S57,3,0,0,0,0,0,951,2653,2111,2470,1167,1438,1476,1949,3120,3861,3519,3704,2675,1832,1734,1020,657,206,36546
239,Q34,0,0,0,0,0,497,947,2086,1696,1897,2295,2324,3036,3319,3050,5168,1491,1265,1551,1746,1431,1101,306,8,35214
240,Q66,1570,1354,1280,1308,1921,3153,5551,8932,7076,5988,6808,8439,10103,12277,16715,17670,17359,14767,12376,11509,8296,5194,3461,2037,185144
241,Q23,2352,1272,48,0,136,2307,4755,7132,6207,5771,5520,5246,6545,7064,8013,10562,12064,11801,10304,7277,5360,3560,3797,3129,130222
242,Q25,1428,522,247,324,1602,5006,10197,11666,10734,11582,9218,6754,8859,7737,12510,19016,20657,20228,12888,9342,9142,5343,4127,2731,201860
243,Q65,1576,592,372,386,977,3025,8387,11964,11284,10221,7978,8479,11776,13734,15715,15835,16942,13835,12533,9065,7630,5423,5002,3584,196315
244,Q19,0,0,0,0,0,97,1458,2746,1669,1591,2154,2164,2092,2515,2641,4238,5530,4031,4064,1948,956,222,0,0,40116
245,BM3,29,0,0,0,0,133,452,125,365,73,139,0,0,4,13,0,3,169,105,75,7,0,0,3,1695
246,BM2,62,57,0,0,0,0,0,0,0,0,0,0,50,141,22,140,237,257,404,130,46,55,43,0,1644
247,BM5,16,0,0,0,0,196,1213,163,124,397,22,78,82,31,25,85,8,87,254,214,2,0,28,27,3052
248,BxM9,0,0,0,0,0,0,0,0,0,0,0,0,0,0,0,0,181,31,3,4,0,0,0,0,219
249,QM11,0,0,0,0,0,0,0,0,0,0,0,0,0,0,0,0,0,0,0,0,0,0,0,0,0
250,QM20,0,0,0,0,0,0,0,0,0,0,0,0,0,0,0,0,0,0,0,0,0,0,0,0,0
251,QM12,0,0,0,0,0,0,0,0,0,0,0,0,0,0,0,0,0,0,0,0,0,0,0,0,0
252,QM44,0,0,0,0,0,0,0,0,0,0,0,0,0,0,0,0,0,0,0,0,0,0,0,0,0
253,QM6,0,0,0,0,0,0,0,0,0,0,0,0,0,0,0,0,0,0,0,0,0,0,0,0,0
254,QM2,0,0,0,0,0,0,0,0,0,0,0,0,0,0,0,0,0,0,0,0,0,0,0,0,0
255,QM5,0,0,0,0,0,0,0,0,0,0,0,0,0,0,0,0,0,0,0,0,0,0,0,0,0
256,QM42,0,0,0,0,0,0,0,0,0,0,0,0,0,0,0,0,0,0,0,0,0,0,0,0,0
257,QM8,0,0,0,0,0,0,0,0,0,0,0,0,0,0,0,0,0,0,0,0,0,0,0,0,0
258,QM32,0,0,0,0,0,0,0,0,28,8,0,0,0,0,0,0,0,0,0,0,0,0,0,0,36
259,QM36,0,0,0,0,0,0,0,0,0,0,0,0,0,0,0,0,0,0,0,0,0,0,0,0,0
260,QM7,0,0,0,0,0,0,0,0,0,0,0,0,0,0,0,0,0,0,0,0,0,0,0,0,0
261,BxM1,0,0,0,0,0,0,0,0,0,0,0,0,0,0,0,0,0,0,0,0,0,0,0,0,0
262,BxM11,0,0,0,0,0,0,0,0,0,0,0,0,0,0,0,0,0,0,0,0,0,0,0,0,0
263,BxM3,0,0,0,0,0,0,0,0,1,0,0,0,0,0,0,0,0,0,0,0,0,0,0,0,1
264,BxM2,0,0,0,0,0,0,0,0,0,0,0,0,0,0,0,0,0,0,0,0,0,0,0,0,0
265,BxM18,0,0,0,0,0,0,0,0,0,0,0,0,0,0,0,0,0,0,0,0,0,0,0,0,0
266,BxM4,0,0,0,0,0,0,0,0,0,0,0,0,0,0,0,0,0,0,0,0,0,0,0,0,0
267,QM15,0,0,0,0,0,0,0,0,0,0,0,0,0,0,0,0,0,0,0,0,0,0,0,0,0
268,QM25,0,0,0,0,0,0,0,0,0,0,0,0,0,0,0,0,0,0,0,0,0,0,0,0,0
269,BM4,0,0,0,0,0,0,703,245,104,53,8,27,63,35,22,270,201,89,204,195,0,0,0,0,2219
270,QM4,0,0,0,0,0,0,0,0,0,0,0,0,0,0,0,0,0,0,0,0,0,0,0,0,0
271,QM1,0,0,0,0,0,0,0,0,0,0,0,0,0,0,0,0,0,0,0,0,0,0,0,0,0
272,QM10,0,0,0,0,0,0,0,0,0,0,0,0,0,0,0,0,0,0,0,0,0,0,0,0,0
273,BxM7,0,0,0,0,0,238,12,0,0,0,0,0,0,0,32,40,27,0,0,0,0,0,0,0,349
274,QM16,0,0,0,0,0,0,0,0,0,0,0,0,0,0,0,0,0,0,0,0,0,0,0,0,0
275,QM17,0,0,0,0,0,0,0,0,0,0,0,0,0,0,0,0,0,0,0,0,0,0,0,0,0
276,BxM8,0,0,0,0,0,0,0,105,104,0,0,42,29,0,0,0,0,0,0,25,0,0,0,0,305
277,QM34,0,0,0,0,0,0,0,0,0,0,0,0,0,0,0,0,0,0,0,0,0,0,0,0,0
278,BxM10,0,0,0,0,0,0,170,26,0,44,21,0,45,34,54,20,5,80,0,0,0,0,0,0,499
279,QM18,0,0,0,0,0,0,0,0,0,0,0,0,0,0,0,0,0,0,0,0,0,0,0,0,0
280,BM1,7,0,0,0,0,0,164,338,326,294,26,4,20,8,0,101,395,556,654,240,29,29,6,28,3225
281,QM21,0,0,0,0,0,0,0,0,0,0,0,0,0,0,0,0,0,0,0,0,0,0,0,0,0
282,QM31,0,0,0,0,0,0,0,0,0,0,0,0,0,0,0,0,0,0,0,0,0,0,0,0,0
283,QM3,0,0,0,0,0,0,0,0,0,0,0,0,0,0,0,0,0,0,0,0,0,0,0,0,0
284,Q22,0,0,0,0,0,0,0,0,0,0,0,0,0,0,0,0,0,0,0,0,0,0,0,0,0
285,Q41,0,0,0,0,0,0,0,0,0,0,0,0,0,0,0,0,0,0,0,0,0,0,0,0,0
286,Q6,400,0,0,0,0,4,328,99,68,0,0,0,114,249,236,619,813,679,681,616,731,291,318,674,6920
287,Q37,0,0,0,0,0,0,0,0,0,0,25,318,54,98,208,334,271,409,453,527,0,0,0,0,2697
288,Q7,0,0,0,0,0,0,384,459,110,72,0,0,88,317,478,328,20,0,0,0,16,200,287,127,2886
289,Q10,1950,1349,1484,1455,4333,7827,14193,15355,13449,11894,10646,10868,13383,14406,15653,11096,12266,11348,11113,9078,6876,5243,4852,2700,212817
290,Q111,285,70,44,34,43,155,925,1537,1508,737,490,414,567,685,1046,1864,1721,810,606,649,206,18,390,317,15121
291,Q113,0,0,0,0,0,0,58,78,0,116,3,0,177,357,168,962,907,685,893,779,13,72,0,0,5268
292,Q21,0,0,0,0,0,0,0,0,0,0,0,0,0,0,0,0,0,0,0,0,0,0,0,0,0
293,Q64,0,0,0,0,0,0,0,0,0,0,0,0,0,0,0,0,0,0,0,0,0,0,0,0,0
294,Q110,0,0,0,0,0,0,0,0,0,0,0,0,0,0,0,0,0,0,0,0,0,0,0,0,0
295,Q60,248,1447,2959,4280,4620,1208,284,136,276,638,405,938,693,1075,861,1327,500,233,479,222,611,312,124,201,24077
296,Q35,0,0,0,0,0,0,0,0,0,0,0,0,0,0,0,0,0,0,0,0,0,0,0,0,0
297,Q69,323,109,0,0,0,301,1158,2186,3223,2390,2050,2153,2762,2809,4049,4171,5156,3981,3759,2377,1509,782,641,636,46525
298,Q33,666,419,184,106,866,2612,2574,2758,1691,1574,1739,1836,2027,1471,2460,4644,5775,5532,5008,3315,2614,1702,1630,937,54140
299,Q40,55,40,31,0,0,0,0,0,135,80,0,0,0,0,0,0,23,142,38,0,0,0,34,13,591
300,Q39,600,275,411,391,540,1178,3482,3071,3177,1395,1425,1486,1964,2385,2801,3236,3207,3543,2405,1802,1762,1238,1372,844,43990
301,Q102,667,359,91,142,243,281,468,926,870,655,492,459,306,253,343,753,1299,1359,1501,796,899,609,1016,967,15754
302,Q29,30,2,0,0,82,1186,2323,2364,1387,1509,1551,2656,2924,3362,2882,4659,4899,3914,2921,1771,911,330,400,201,42264
303,Q49,175,16,6,0,204,2337,2968,3487,2869,2134,2029,2037,1979,2923,2914,4138,4233,4009,3196,2254,2130,1166,869,459,48532
304,Q67,0,0,0,29,435,753,2565,1977,1246,803,578,561,485,443,779,1484,1995,1799,1716,288,260,433,484,204,19317
305,Q100,59,18,27,86,31,335,748,1728,1254,729,1281,1355,1216,1268,1781,1994,2487,2155,1327,1432,586,854,707,360,23818
306,Q104,0,0,0,0,0,0,521,775,511,559,858,1085,1359,2324,1648,1451,1458,823,231,463,392,103,132,61,14754
307,Q11,0,0,0,0,0,0,0,0,0,0,0,0,0,0,0,0,0,0,0,0,0,0,0,0,0
308,Q18,288,199,29,0,129,1796,3296,4059,3360,1952,2734,3465,3934,3634,2383,4718,5851,5911,4205,3001,2340,1602,1129,584,60599
309,Bx23,0,0,0,0,0,58,214,369,154,56,62,20,89,144,353,449,305,196,158,49,44,68,19,21,2828
310,Q50,41,73,4,0,18,82,516,674,740,296,274,77,225,600,939,626,1132,737,881,1041,447,452,94,4,9973
311,Q103,0,0,0,0,0,106,296,554,351,46,3,91,206,303,797,998,819,579,475,377,198,96,0,0,6295
312,Q72,436,125,0,0,461,1308,3053,3110,2468,2316,2538,3194,4546,5130,5199,6764,6273,7734,6957,5212,3191,1758,1446,824,74043
313,Q9,0,0,0,0,0,0,0,0,0,0,0,0,0,0,0,0,24,448,234,118,30,171,7,0,1032
314,B100,45,23,0,0,0,362,1409,3862,3892,2668,1589,1322,1901,3667,3535,3821,4332,4495,3496,2201,1305,360,211,123,44619
315,B103,3003,1296,262,0,1,4983,6159,13748,13551,10742,10288,10646,15367,16057,23237,22569,20146,21198,19451,12120,9558,6371,4473,3098,248324
316,Q52-SBS,1376,97,0,0,0,1157,5084,7970,8811,8073,6900,6847,7605,11153,19194,24018,22938,21226,17880,11871,7533,4998,3830,2385,200946
317,Q114,0,284,142,159,153,808,16,0,429,339,427,606,614,1310,893,396,730,2191,1519,1227,1075,199,173,0,13690
318,Q38,224,0,0,0,0,287,1674,3056,2499,2244,2027,1968,2783,3707,4636,5552,7267,6959,5884,4143,2420,1361,1068,706,60465
319,Q53-SBS,4414,3218,2687,2374,4821,11462,15359,25227,19854,17881,17143,18548,24404,24857,33232,42349,42193,44982,38045,28700,19451,14749,13336,8240,477526
320,Q70-SBS,719,346,487,1001,1020,1772,3093,1847,1753,2410,3478,4637,5690,6237,6302,5574,3866,3358,3162,3564,4662,2426,2066,1079,70549
321,Q101,64,21,2,70,7,192,429,483,198,121,265,640,812,748,1843,3225,3295,2397,2281,857,820,652,429,431,20282
322,SIM1C,8132,2250,550,1038,3772,5346,3702,4528,4892,9271,8105,7866,10488,16883,21738,15391,7558,6226,6199,8054,10411,8996,9646,8601,189643
323,SIM35,0,0,0,0,0,313,1096,1252,946,450,0,0,0,0,0,346,1030,1138,685,112,0,0,0,0,7368
324,SIM32,0,0,0,0,0,0,553,1054,917,236,0,0,0,0,0,21,1361,1123,786,170,0,0,0,0,6221
325,B39,0,0,0,0,0,0,0,103,191,269,373,397,346,268,439,291,171,224,154,131,212,32,0,0,3601
326,B32,0,0,0,0,0,0,0,441,423,409,419,572,762,762,1052,950,1109,718,1085,553,401,224,0,0,9880
327,S55,0,0,0,0,0,0,120,257,187,248,370,196,354,369,711,615,538,312,184,131,0,0,0,0,4592
328,S86,0,0,0,0,0,0,0,0,0,0,0,0,0,0,0,0,687,593,341,0,0,0,0,0,1621
329,S90,0,0,0,0,365,1031,8897,1268,615,0,0,0,0,0,0,962,3272,4324,2813,744,394,250,328,827,26090
330,QM35,0,0,0,0,0,0,0,0,0,0,0,0,0,0,0,0,0,0,0,0,0,0,0,0,0
331,QM40,0,0,0,0,0,0,0,0,0,0,0,0,0,0,0,0,0,0,0,0,0,0,0,0,0
332,Bx99,1,7788,16363,16248,15047,5393,274,0,0,0,0,0,0,0,0,0,0,0,0,0,0,0,0,0,61114
333,M99,0,3416,8656,8353,8635,2058,46,0,0,0,0,0,0,0,0,0,0,0,0,0,0,0,0,0,31164
334,B99,0,5448,11053,10962,11253,2969,0,0,0,0,0,0,0,0,0,0,0,0,0,0,0,0,0,0,41685
