id,published_line_ref,0_hour,1_hour,2_hour,3_hour,4_hour,5_hour,6_hour,7_hour,8_hour,9_hour,10_hour,11_hour,12_hour,13_hour,14_hour,15_hour,16_hour,17_hour,18_hour,19_hour,20_hour,21_hour,22_hour,23_hour,highest_val
1,B1,7,5,0,0,0,0,0,21,36,25,30,38,41,38,37,45,53,48,33,39,30,21,12,12,53
2,B100,6,4,0,0,0,19,19,22,37,31,18,16,21,21,27,24,28,37,26,23,20,9,7,7,37
3,B103,33,29,14,0,1,41,38,49,56,45,49,51,49,48,48,51,54,55,52,47,42,44,46,27,56
4,B11,0,0,0,0,0,0,0,0,0,0,0,0,0,0,0,0,0,0,0,0,5,0,0,0,5
5,B12,16,17,24,10,19,29,44,52,49,51,51,48,51,47,51,49,57,52,48,52,41,36,32,25,57
6,B13,13,10,3,0,10,20,33,27,43,28,33,40,49,50,54,46,43,40,34,42,37,23,27,15,54
7,B14,17,12,7,8,10,13,17,30,30,28,40,38,48,39,35,41,36,41,31,24,22,28,26,15,48
8,B15,63,52,54,54,23,32,43,40,45,48,42,49,46,50,55,60,69,50,46,48,46,45,32,42,69
9,B16,0,0,0,0,0,0,0,0,0,0,0,0,0,0,0,0,0,0,0,0,0,0,0,0,0
10,B17,39,10,7,9,23,31,32,33,35,36,27,28,37,38,45,46,44,52,50,58,69,34,43,40,69
11,B2,7,1,0,0,4,24,15,19,17,22,17,17,32,21,23,28,25,32,27,19,14,13,19,9,32
12,B20,34,38,36,0,3,23,24,28,46,43,34,34,33,37,37,38,50,54,29,49,44,41,37,33,54
13,B24,13,9,0,0,0,20,26,24,25,19,19,15,20,25,19,26,38,34,29,21,16,16,19,16,38
14,B25,36,32,40,12,31,12,22,30,27,27,31,41,37,40,36,40,45,43,41,26,24,19,19,27,45
15,B26,23,13,16,12,28,29,28,27,42,33,29,31,38,38,32,44,44,46,45,67,26,19,22,26,67
16,B3,48,10,5,5,15,24,42,55,39,46,65,55,57,53,50,47,59,63,52,68,58,58,51,53,68
17,B31,8,6,0,0,12,24,24,22,24,26,14,14,16,16,26,23,26,28,24,20,15,9,9,7,28
18,B32,0,0,0,0,0,0,0,10,11,8,7,7,9,11,10,14,17,11,13,7,7,8,0,0,17
19,B35,32,24,23,14,26,46,68,65,65,64,57,61,70,87,76,92,76,82,69,70,62,44,35,31,92
20,B36,18,9,15,7,23,20,30,42,39,35,39,39,39,42,54,55,41,46,49,41,32,35,25,21,55
21,B37,0,0,0,0,0,0,0,0,0,0,0,0,0,0,0,0,0,0,0,0,0,0,0,0,0
22,B38,0,0,0,0,0,0,0,0,0,0,0,0,0,0,0,0,0,0,0,0,0,0,0,0,0
23,B39,0,0,0,0,0,0,0,6,6,9,8,16,16,9,12,11,12,11,8,4,7,2,0,0,16
24,B4,0,0,0,0,0,0,0,0,0,0,0,0,0,0,0,0,0,0,0,0,0,0,0,0,0
25,B41,40,41,20,14,42,40,34,36,36,37,37,38,52,52,49,49,54,48,55,39,40,31,34,39,55
26,B42,18,12,6,13,25,41,41,32,29,30,38,28,27,42,42,35,38,43,43,39,37,19,26,19,43
27,B43,0,0,0,0,0,0,0,0,0,0,0,0,0,0,0,0,0,0,0,0,0,0,0,0,0
28,B44,30,29,11,12,28,30,36,36,53,34,31,38,38,44,47,47,45,55,46,31,44,37,33,30,55
29,B44-SBS,7,0,0,0,0,17,43,65,68,48,50,57,53,69,63,74,74,74,66,60,57,47,31,22,74
30,B45,10,7,0,0,0,11,16,18,32,32,24,27,31,43,42,37,45,38,37,28,24,21,14,10,45
31,B46,38,25,23,26,38,41,37,37,42,41,39,45,40,42,47,45,52,40,48,45,41,36,38,41,52
32,B46-SBS,27,0,0,0,0,47,74,67,64,58,56,56,63,70,79,78,94,83,86,57,62,59,48,35,94
33,B47,12,14,14,7,18,26,34,41,36,46,49,44,49,57,60,54,66,75,46,45,33,31,37,21,75
34,B48,10,6,5,4,6,12,16,24,17,14,13,15,15,20,18,22,34,23,20,13,11,9,9,10,34
35,B49,13,9,7,0,9,21,19,26,47,40,24,24,35,34,36,28,34,36,27,25,21,14,11,13,47
36,B52,40,27,12,11,15,24,36,39,58,84,73,45,53,60,94,104,104,108,98,70,67,67,36,42,108
37,B54,15,7,7,8,11,15,28,42,55,47,31,32,39,37,56,54,48,60,42,30,33,29,20,20,60
38,B57,12,9,0,0,12,30,30,35,37,34,28,26,29,35,38,37,54,49,54,35,37,37,40,39,54
39,B6,46,31,15,19,48,65,56,56,50,69,68,44,48,50,55,48,50,63,61,48,53,44,38,36,69
40,B60,11,16,28,18,17,21,24,35,32,38,40,35,37,34,54,46,44,48,36,34,25,24,19,21,54
41,B61,0,0,0,0,0,0,0,0,0,0,0,0,0,0,0,0,0,0,0,0,0,0,0,0,0
42,B62,18,14,17,17,18,19,36,30,23,23,19,22,29,28,29,32,43,34,34,23,24,55,22,22,55
43,B63,0,0,0,0,0,0,0,0,0,0,0,0,0,0,0,0,0,0,0,0,0,0,0,0,0
44,B64,8,4,2,0,3,15,19,26,34,39,23,22,20,27,32,29,29,38,45,23,26,14,15,12,45
45,B65,8,5,0,0,15,15,19,22,24,18,19,19,27,28,34,25,39,34,34,23,34,32,27,9,39
46,B67,0,0,0,0,0,0,0,0,0,0,0,0,0,0,0,0,0,0,0,0,0,0,0,0,0
47,B68,0,0,0,0,0,0,0,0,0,0,0,0,0,0,0,0,0,0,0,0,0,0,0,0,0
48,B69,0,0,0,0,0,0,0,0,0,0,0,0,0,0,0,0,0,0,0,0,0,0,0,0,0
49,B7,12,17,13,0,9,13,23,21,37,26,24,33,34,36,34,38,44,53,29,21,17,18,13,10,53
50,B70,0,0,0,0,0,0,0,0,0,0,0,0,0,0,0,0,0,0,0,0,0,0,0,0,0
51,B74,0,0,0,0,0,22,25,27,24,34,21,30,34,26,33,37,41,39,38,36,26,17,12,8,41
52,B8,0,0,0,0,0,0,0,0,0,0,0,0,0,0,0,0,0,0,0,0,0,0,0,0,0
53,B82,38,36,17,17,18,32,37,48,53,44,33,43,36,47,46,45,49,58,55,57,40,34,27,32,58
54,B82-SBS,4,0,0,0,12,26,42,60,68,64,32,32,33,38,42,45,52,58,42,43,33,23,22,16,68
55,B83,20,6,0,0,4,21,26,33,40,28,43,44,51,52,48,53,62,49,43,32,33,32,30,29,62
56,B84,0,0,0,0,0,8,12,9,10,6,7,9,5,11,8,19,14,14,14,8,7,8,0,0,19
57,B9,0,0,0,0,0,0,0,0,0,0,0,0,0,0,14,24,30,12,0,0,0,0,0,0,30
58,B99,0,33,32,30,39,25,0,0,0,0,0,0,0,0,0,0,0,0,0,0,0,0,0,0,39
59,BM1,2,0,0,0,0,0,12,13,14,7,3,1,3,1,0,17,17,14,15,14,5,4,2,3,17
60,BM2,10,10,0,0,0,0,0,0,0,0,0,0,10,9,6,14,13,15,13,11,6,7,6,0,15
61,BM3,4,0,0,0,0,19,23,11,12,8,8,0,0,1,2,0,3,16,11,6,2,0,0,1,23
62,BM4,0,0,0,0,0,0,19,13,9,5,2,5,5,4,4,19,12,6,9,11,0,0,0,0,19
63,BM5,4,0,0,0,0,17,21,16,7,15,4,6,6,5,2,8,2,18,16,18,1,0,4,5,21
64,Bx1,19,21,27,27,33,25,24,34,32,55,49,44,42,36,85,64,90,86,58,59,34,30,30,26,90
65,Bx10,19,14,2,3,8,25,36,45,41,37,36,47,37,47,45,40,44,46,62,38,30,28,27,23,62
66,Bx11,0,0,0,0,0,0,0,0,0,0,0,0,0,0,0,0,0,0,11,0,0,0,0,0,11
67,Bx12,0,0,0,0,0,1,49,46,31,14,24,14,17,24,69,23,23,5,0,0,0,0,0,0,69
68,Bx12-SBS,3,0,0,0,0,37,66,77,78,63,66,70,91,91,91,83,92,105,109,104,91,77,84,83,109
69,Bx13,40,13,0,0,2,36,42,41,40,49,51,53,51,56,60,61,67,70,54,63,52,43,32,31,70
70,Bx15,31,24,20,27,26,20,42,38,34,36,40,60,41,47,88,49,49,68,83,45,49,38,28,32,88
71,Bx16,14,10,0,0,0,32,28,31,28,27,24,25,33,44,49,47,47,55,39,51,46,37,20,18,55
72,Bx17,0,0,0,0,0,0,0,0,0,0,0,0,0,0,0,0,0,0,0,0,0,0,0,0,0
73,Bx18,0,0,0,0,0,2,14,25,28,21,27,24,23,32,30,41,26,35,33,26,20,10,11,0,41
74,Bx19,31,29,46,51,56,44,53,81,99,107,66,64,76,80,81,93,80,87,90,71,63,61,76,66,107
75,Bx2,14,0,0,0,0,8,11,23,46,36,34,65,63,86,68,62,51,56,63,46,30,25,22,14,86
76,Bx20,0,0,0,0,0,0,4,14,19,10,0,0,0,0,0,21,23,21,22,19,10,0,0,0,23
77,Bx21,0,0,0,0,0,0,0,0,0,0,0,0,0,0,0,0,0,0,0,0,0,0,0,0,0
78,Bx22,13,4,0,0,0,31,28,23,30,33,58,58,43,45,58,105,101,59,61,82,87,89,52,57,105
79,Bx23,0,0,0,0,0,13,15,16,16,6,6,12,14,12,17,16,15,26,20,11,9,8,6,6,26
80,Bx24,6,2,1,1,2,7,6,10,13,7,10,10,13,9,10,16,13,14,7,6,6,10,7,5,16
81,Bx26,6,0,0,0,0,16,27,37,35,27,30,24,31,37,42,41,46,40,46,39,26,23,28,14,46
82,Bx27,0,0,0,0,0,0,0,0,0,0,0,0,0,0,0,0,0,0,0,0,0,0,0,0,0
83,Bx28,23,16,12,9,18,32,44,31,35,39,36,37,37,43,42,47,53,76,95,90,32,26,25,34,95
84,Bx29,16,8,2,0,10,18,19,14,17,24,27,23,25,32,31,33,36,38,27,17,17,19,36,24,38
85,Bx3,30,15,0,0,0,25,43,39,49,42,47,48,49,49,60,62,59,68,65,51,53,33,44,35,68
86,Bx30,15,1,0,0,0,20,29,38,35,36,34,40,42,47,47,46,51,51,44,33,25,25,26,23,51
87,Bx31,0,0,0,0,0,0,0,0,0,0,0,0,0,0,0,0,0,0,0,0,0,0,0,0,0
88,Bx32,0,0,0,0,0,0,0,0,0,0,0,0,0,0,0,0,0,0,0,0,0,0,0,0,0
89,Bx33,0,0,0,0,0,0,0,0,0,0,0,0,0,0,0,0,0,0,0,0,0,0,0,0,0
90,Bx34,11,6,0,0,0,28,21,23,27,23,26,23,29,29,37,34,29,29,24,24,15,9,15,15,37
91,Bx35,23,19,11,10,28,41,45,63,58,56,56,53,61,71,73,80,79,93,93,97,42,32,31,34,97
92,Bx36,56,45,37,12,18,36,48,58,78,77,110,88,94,106,82,70,79,80,70,76,62,55,48,57,110
93,Bx38,12,0,0,0,0,20,35,33,42,43,31,34,36,37,41,41,48,52,39,40,35,27,22,35,52
94,Bx39,20,12,13,15,23,34,32,43,42,41,50,43,61,71,85,86,99,68,62,54,43,38,28,24,99
95,Bx4,30,25,14,14,18,25,32,25,48,35,35,28,31,36,35,38,60,57,49,50,67,29,36,36,67
96,Bx40,8,5,5,6,16,32,24,69,52,47,48,39,43,28,49,50,57,42,38,36,30,26,32,28,69
97,Bx41,10,14,17,14,17,8,19,18,0,0,0,0,11,0,0,28,0,15,22,22,19,18,0,5,28
98,Bx41-SBS,0,0,0,0,0,16,50,71,78,50,50,46,57,59,82,68,76,77,66,50,51,33,18,0,82
99,Bx42,15,12,0,0,8,17,25,31,42,53,39,31,36,33,41,32,59,44,44,37,29,18,23,10,59
100,Bx46,0,0,0,0,0,0,0,0,0,0,0,0,0,0,0,0,0,0,0,0,0,0,0,0,0
101,Bx4A,0,0,0,0,0,15,25,26,35,55,35,30,30,67,65,45,57,58,45,36,33,34,13,22,67
102,Bx5,0,0,0,0,0,38,22,37,36,24,28,35,39,36,41,80,58,64,63,35,32,24,31,0,80
103,Bx6,44,24,44,49,70,69,49,41,59,47,51,47,49,71,66,76,84,86,81,69,46,86,64,61,86
104,Bx6-SBS,0,0,0,0,0,57,63,64,61,64,43,47,51,65,71,80,96,98,85,66,47,45,25,0,98
105,Bx7,14,8,0,0,2,24,41,51,41,57,42,43,47,57,58,60,45,47,56,40,25,23,21,16,60
106,Bx8,0,0,0,0,0,0,0,0,0,0,0,0,0,0,0,0,0,0,0,0,0,0,0,0,0
107,Bx9,14,9,1,0,9,20,42,40,40,26,49,57,66,71,63,61,71,63,70,51,49,47,55,23,71
108,Bx99,1,49,51,54,47,36,8,0,0,0,0,0,0,0,0,0,0,0,0,0,0,0,0,0,54
109,BxM1,0,0,0,0,0,0,0,0,0,0,0,0,0,0,0,0,0,0,0,0,0,0,0,0,0
110,BxM10,0,0,0,0,0,0,18,11,0,7,6,0,6,4,6,6,5,13,0,0,0,0,0,0,18
111,BxM11,0,0,0,0,0,0,0,0,0,0,0,0,0,0,0,0,0,0,0,0,0,0,0,0,0
112,BxM18,0,0,0,0,0,0,0,0,0,0,0,0,0,0,0,0,0,0,0,0,0,0,0,0,0
113,BxM2,0,0,0,0,0,0,0,0,0,0,0,0,0,0,0,0,0,0,0,0,0,0,0,0,0
114,BxM3,0,0,0,0,0,0,0,0,1,0,0,0,0,0,0,0,0,0,0,0,0,0,0,0,1
115,BxM4,0,0,0,0,0,0,0,0,0,0,0,0,0,0,0,0,0,0,0,0,0,0,0,0,0
116,BxM6,0,0,0,0,0,0,0,0,0,0,0,0,0,0,0,0,0,0,0,0,7,2,4,10,10
117,BxM7,0,0,0,0,0,21,8,0,0,0,0,0,0,0,8,6,6,0,0,0,0,0,0,0,21
118,BxM8,0,0,0,0,0,0,0,13,12,0,0,8,7,0,0,0,0,0,0,4,0,0,0,0,13
119,BxM9,0,0,0,0,0,0,0,0,0,0,0,0,0,0,0,0,15,11,3,2,0,0,0,0,15
120,M1,0,0,0,0,0,0,0,0,0,0,0,0,0,0,0,0,0,0,0,0,0,0,0,0,0
121,M10,0,0,0,0,0,0,0,0,0,0,0,0,0,0,0,0,0,0,0,0,0,0,0,0,0
122,M100,41,16,0,0,9,13,20,31,34,36,35,39,74,72,94,82,87,79,80,81,77,45,36,33,94
123,M101,22,15,6,0,7,17,29,26,36,25,37,43,40,55,47,61,58,55,40,34,39,23,27,19,61
124,M102,15,11,13,11,11,11,14,21,23,23,36,33,36,34,39,44,37,34,36,24,22,19,18,15,44
125,M103,9,0,0,0,0,7,16,20,16,16,21,23,25,30,31,27,23,29,26,16,10,10,11,12,31
126,M104,0,0,0,0,0,0,0,0,0,0,0,0,0,0,0,0,0,0,0,0,0,0,0,0,0
127,M106,0,0,0,0,0,0,0,0,0,0,0,0,0,0,0,0,0,0,0,0,0,0,0,0,0
128,M11,0,0,0,0,0,0,0,0,0,0,0,0,0,0,0,20,7,0,0,0,0,0,0,0,20
129,M116,0,0,0,0,0,0,0,0,0,0,0,0,0,0,0,0,0,0,0,0,0,0,0,0,0
130,M12,0,0,0,0,0,0,1,7,7,7,8,9,10,9,7,9,12,10,8,7,6,7,4,0,12
131,M14A-SBS,39,9,10,9,8,23,23,26,40,41,34,44,48,51,56,51,51,48,45,30,30,20,43,42,56
132,M14D-SBS,27,20,9,12,22,34,45,53,47,55,55,55,59,60,62,74,66,79,88,69,60,64,36,27,88
133,M15,21,22,22,27,26,41,37,22,26,15,24,24,22,25,31,27,43,31,21,20,16,16,15,23,43
134,M15-SBS,35,0,0,0,22,25,79,57,61,63,57,60,59,66,68,71,69,83,54,63,53,43,41,50,83
135,M2,0,0,0,0,0,0,0,0,0,0,0,0,0,0,0,0,0,0,0,0,0,0,0,0,0
136,M20,6,1,0,0,0,0,0,5,8,6,13,14,11,17,15,14,14,21,15,11,10,4,4,4,21
137,M21,0,0,0,0,0,0,0,5,6,9,6,6,8,11,11,8,8,12,7,4,4,3,0,0,12
138,M22,0,0,0,0,0,5,5,9,11,15,8,16,12,10,15,19,17,15,14,4,2,3,1,3,19
139,M23-SBS,13,5,3,2,4,11,39,38,54,45,31,31,43,42,41,66,62,41,41,30,20,24,15,22,66
140,M3,0,0,0,0,0,0,0,0,0,0,0,0,0,0,0,0,0,0,0,0,0,0,0,0,0
141,M31,0,0,0,0,0,0,0,0,0,0,0,0,0,0,0,0,0,0,0,0,0,0,0,0,0
142,M34-SBS,23,2,0,0,0,29,49,59,56,41,24,34,38,46,47,63,43,60,35,39,33,33,32,36,63
143,M34A-SBS,16,5,0,0,1,29,70,59,46,34,32,36,31,36,50,69,66,67,51,34,30,28,24,37,70
144,M35,42,0,0,0,0,32,34,34,59,68,31,48,48,40,38,47,62,62,64,57,75,61,49,44,75
145,M4,0,0,0,0,0,0,0,0,0,0,0,0,0,0,0,0,0,0,0,0,0,0,0,0,0
146,M42,13,15,7,7,12,19,40,29,22,19,15,21,14,25,29,28,33,30,24,20,15,19,24,17,40
147,M5,0,0,0,0,0,0,0,0,0,0,0,0,0,0,0,0,0,0,0,0,0,0,0,0,0
148,M50,5,2,0,0,1,4,11,16,12,10,16,12,12,16,11,24,15,15,12,9,8,11,8,10,24
149,M55,6,4,0,0,0,0,0,5,7,11,7,9,17,15,15,19,11,14,9,10,8,6,8,6,19
150,M57,7,5,0,0,0,0,11,18,17,16,18,18,18,17,33,29,36,27,27,17,14,14,11,9,36
151,M60-SBS,13,11,10,0,0,1,63,48,35,25,33,42,43,35,51,46,39,40,29,30,27,31,23,26,63
152,M66,13,2,0,0,2,26,37,39,30,26,23,20,24,22,38,43,43,27,27,19,20,11,13,20,43
153,M7,0,0,0,0,0,0,0,0,0,0,0,0,0,0,0,0,0,0,0,0,0,0,0,0,0
154,M72,7,0,0,0,0,9,16,20,28,25,23,24,24,21,26,28,38,33,28,28,19,16,17,15,38
155,M79-SBS,16,4,3,3,4,9,34,51,34,29,22,25,28,33,35,41,39,46,37,24,24,21,19,16,51
156,M8,1,2,0,0,0,2,5,4,9,5,7,6,7,7,11,9,9,13,6,5,4,4,2,2,13
157,M86-SBS,10,4,3,2,4,14,28,39,46,40,38,40,40,41,59,55,53,51,43,33,25,28,20,21,59
158,M9,0,0,0,0,0,0,1,13,18,24,25,28,29,21,22,26,20,33,22,15,12,9,7,3,33
159,M96,0,0,0,0,0,0,0,0,0,0,0,0,0,0,0,0,0,0,0,0,0,0,0,0,0
160,M98,0,0,0,0,0,0,0,0,0,0,0,0,0,0,0,0,0,0,0,0,0,0,0,0,0
161,M99,0,33,33,27,28,18,6,0,0,0,0,0,0,0,0,0,0,0,0,0,0,0,0,0,33
162,Q1,12,12,3,7,10,10,15,21,22,18,24,17,18,19,19,21,25,26,25,23,27,15,12,14,27
163,Q10,18,15,14,11,39,41,65,59,55,49,46,54,50,43,58,53,54,62,56,49,37,47,35,28,65
164,Q100,8,7,4,4,4,9,24,28,23,16,16,13,20,23,29,34,30,27,12,19,15,16,15,16,34
165,Q101,5,3,1,7,1,13,27,27,27,11,21,20,29,18,26,42,36,26,36,20,15,14,10,13,42
166,Q102,20,22,3,5,7,14,9,16,17,20,20,13,16,16,16,22,19,21,19,15,20,17,19,22,22
167,Q103,0,0,0,0,0,10,21,24,16,7,1,9,9,10,18,25,20,21,15,13,10,9,0,0,25
168,Q104,0,0,0,0,0,0,14,17,13,13,17,20,25,31,24,43,37,33,17,13,11,7,9,4,43
169,Q11,0,0,0,0,0,0,0,0,0,0,0,0,0,0,0,0,0,0,0,0,0,0,0,0,0
170,Q110,0,0,0,0,0,0,0,0,0,0,0,0,0,0,0,0,0,0,0,0,0,0,0,0,0
171,Q111,35,9,6,7,9,23,33,52,57,38,38,23,20,41,43,66,56,43,39,43,21,6,31,26,66
172,Q112,0,0,0,0,0,0,0,0,0,0,0,0,0,0,0,0,0,0,0,0,0,0,0,0,0
173,Q113,0,0,0,0,0,0,9,9,0,11,3,0,28,29,24,30,34,35,33,38,13,13,0,0,38
174,Q114,0,20,11,9,11,37,8,0,39,25,28,28,24,37,41,40,34,52,47,42,39,16,20,0,52
175,Q12,12,0,0,0,7,20,20,25,29,21,19,11,21,32,29,44,33,33,33,30,22,27,27,36,44
176,Q13,13,10,8,5,5,20,20,28,33,33,32,31,36,37,28,34,40,47,35,37,25,30,39,27,47
177,Q15,3,2,0,0,0,31,23,29,26,21,19,22,22,32,23,27,30,27,25,25,24,16,10,6,32
178,Q15A,5,0,0,0,0,23,34,33,27,28,21,23,23,24,21,27,25,29,27,39,25,17,11,7,39
179,Q16,5,6,0,0,10,16,17,25,26,24,19,17,21,17,19,25,20,23,21,16,11,19,10,10,26
180,Q17,18,13,6,14,14,30,33,30,34,36,34,32,32,31,42,38,39,44,47,38,40,30,25,28,47
181,Q18,11,12,3,0,9,38,47,50,39,31,35,33,31,30,37,36,52,61,39,31,35,20,21,16,61
182,Q19,0,0,0,0,0,11,25,55,34,25,23,24,22,25,26,45,45,34,29,20,15,12,0,0,55
183,Q2,15,13,8,9,12,34,31,27,30,27,22,25,27,33,38,35,31,39,40,31,20,27,20,16,40
184,Q20A,14,9,5,6,9,14,26,23,30,26,26,38,31,31,30,36,36,31,32,29,30,28,17,16,38
185,Q20B,2,0,0,0,0,10,20,21,27,25,41,30,27,29,32,31,28,39,38,26,16,16,12,7,41
186,Q21,0,0,0,0,0,0,0,0,0,0,0,0,0,0,0,0,0,0,0,0,0,0,0,0,0
187,Q22,0,0,0,0,0,0,0,0,0,0,0,0,0,0,0,0,0,0,0,0,0,0,0,0,0
188,Q23,57,49,48,0,19,42,42,55,40,35,34,28,35,47,40,43,50,48,58,47,56,30,40,57,58
189,Q24,109,17,25,47,34,30,34,35,44,27,29,31,27,31,38,37,60,65,72,80,87,93,102,109,109
190,Q25,15,16,8,48,59,70,88,83,94,96,88,30,37,35,46,46,45,48,47,31,34,33,26,38,96
191,Q26,0,0,0,0,0,13,14,16,11,13,0,0,0,0,0,11,10,12,12,6,4,0,0,0,16
192,Q27,22,13,8,7,18,31,37,33,29,38,40,29,28,31,33,35,36,41,53,76,75,75,85,102,102
193,Q28,9,5,4,4,14,30,32,29,30,30,36,30,29,32,36,35,39,40,35,31,29,21,28,16,40
194,Q29,2,1,0,0,4,20,24,22,22,21,21,27,35,42,48,39,39,37,38,34,30,13,14,15,48
195,Q3,27,29,23,21,40,33,31,53,32,27,28,26,29,36,33,35,37,42,36,76,101,107,104,29,107
196,Q30,9,4,0,0,0,14,21,25,23,18,18,23,14,22,23,26,27,37,33,13,16,21,19,14,37
197,Q31,4,0,0,0,0,12,15,21,24,22,17,17,15,19,24,22,26,36,29,18,22,18,15,8,36
198,Q32,18,58,56,40,43,24,25,41,35,24,32,27,29,34,37,36,36,40,36,55,53,25,22,21,58
199,Q33,21,25,8,5,24,51,45,37,39,25,37,25,36,28,38,43,38,51,43,41,32,20,32,26,51
200,Q34,0,0,0,0,0,17,19,34,30,31,24,19,29,31,33,33,19,18,20,20,25,18,16,8,34
201,Q35,0,0,0,0,0,0,0,0,0,0,0,0,0,0,0,0,0,0,0,0,0,0,0,0,0
202,Q36,17,7,7,4,12,29,21,30,29,25,21,24,29,31,28,24,32,35,33,22,22,13,15,19,35
203,Q37,0,0,0,0,0,0,0,0,0,0,14,31,17,18,20,38,23,37,35,27,0,0,0,0,38
204,Q38,8,0,0,0,0,21,33,33,18,23,21,21,41,50,29,31,43,38,32,33,29,25,11,13,50
205,Q39,13,8,16,11,11,24,31,25,32,22,20,17,15,20,24,23,23,26,22,21,25,19,16,15,32
206,Q4,35,20,11,10,28,31,32,34,27,30,32,31,36,38,34,39,44,61,78,30,32,42,30,23,78
207,Q40,11,6,7,0,0,0,0,0,22,11,0,0,0,0,0,0,7,34,22,0,0,0,10,3,34
208,Q41,0,0,0,0,0,0,0,0,0,0,0,0,0,0,0,0,0,0,0,0,0,0,0,0,0
209,Q42,0,0,0,0,0,23,21,16,16,16,14,13,14,15,15,15,19,24,13,14,7,0,0,0,24
210,Q43,19,13,13,13,38,31,35,40,35,31,31,29,27,35,43,42,38,39,42,34,39,31,23,21,43
211,Q44-SBS,0,0,0,8,12,11,0,0,16,21,33,30,19,22,20,36,24,0,0,0,0,0,0,0,36
212,Q46,107,11,6,8,8,20,31,29,38,32,29,26,27,29,36,38,41,44,55,30,29,86,102,110,110
213,Q47,26,4,0,0,0,34,33,31,29,35,29,32,24,36,39,32,30,35,31,42,27,27,23,29,42
214,Q48,13,9,3,0,8,26,20,23,29,29,17,32,23,20,34,23,39,30,23,23,24,9,15,11,39
215,Q49,11,6,2,0,15,34,46,43,37,42,42,32,30,31,31,40,49,38,38,30,40,27,29,30,49
216,Q5,33,33,9,11,26,33,33,34,38,40,41,35,43,42,43,43,45,45,44,39,31,40,38,38,45
217,Q50,6,12,2,0,4,25,28,35,29,26,20,12,17,29,31,30,37,38,35,33,20,16,15,4,38
218,Q52-SBS,18,9,0,0,0,28,59,88,84,42,52,44,42,73,63,56,72,69,68,60,49,36,55,29,88
219,Q53-SBS,37,51,24,21,44,59,63,91,73,67,75,71,87,80,94,80,86,90,79,88,66,55,58,49,94
220,Q54,31,31,33,15,22,36,43,43,43,32,34,32,31,38,39,43,53,45,45,34,35,28,32,34,53
221,Q55,16,7,7,7,17,35,36,46,45,32,31,34,37,37,44,46,44,55,80,89,90,107,109,21,109
222,Q56,80,84,16,21,27,34,37,37,36,31,39,34,33,33,38,45,41,40,31,37,28,14,66,76,84
223,Q58,28,21,20,18,26,55,54,57,50,45,55,66,43,48,48,70,67,57,58,56,53,43,41,33,70
224,Q59,10,13,14,15,16,31,43,49,39,29,36,34,35,38,42,38,48,51,35,33,28,29,23,20,51
225,Q6,33,0,0,0,0,2,39,14,21,0,0,0,16,22,21,44,47,46,39,37,31,27,26,31,47
226,Q60,23,31,28,26,48,45,18,13,15,17,16,23,25,39,29,42,28,14,27,17,23,15,13,12,48
227,Q64,0,0,0,0,0,0,0,0,0,0,0,0,0,0,0,0,0,0,0,0,0,0,0,0,0
228,Q65,23,14,10,10,16,64,44,54,57,44,38,104,107,107,54,55,59,52,46,42,42,40,36,33,107
229,Q66,18,23,13,13,23,35,41,51,38,42,52,35,44,47,54,48,51,46,59,53,39,34,24,24,59
230,Q67,0,0,0,4,14,21,43,35,19,24,18,11,15,20,22,32,42,46,49,15,12,18,17,11,49
231,Q69,12,8,0,0,0,16,28,43,35,19,20,26,24,20,31,30,36,40,28,23,18,18,22,16,43
232,Q7,0,0,0,0,0,0,17,23,14,16,0,0,15,24,24,24,6,0,0,0,5,13,21,21,24
233,Q70-SBS,10,6,10,18,11,19,34,16,18,25,28,26,33,28,35,35,29,29,20,29,28,21,18,13,35
234,Q72,10,8,0,0,17,27,40,47,27,36,51,53,39,52,47,58,64,64,66,39,42,31,19,15,66
235,Q76,0,0,0,0,0,15,25,36,26,31,19,18,19,19,28,25,33,28,18,20,18,18,15,6,36
236,Q77,0,0,0,0,0,12,21,20,31,19,23,24,25,29,29,26,63,40,33,27,24,24,19,0,63
237,Q8,0,0,0,0,0,15,25,28,37,20,28,20,19,12,10,0,0,0,18,15,28,26,0,0,37
238,Q83,24,21,8,8,26,38,52,46,40,32,32,35,36,36,45,41,57,50,41,33,35,30,31,26,57
239,Q84,13,11,0,0,25,30,33,29,26,25,30,29,22,36,43,64,28,43,27,26,21,19,14,11,64
240,Q85,24,21,10,9,35,36,40,35,36,37,28,38,34,38,44,53,42,52,41,42,34,29,39,30,53
241,Q88,6,0,0,0,0,5,22,43,36,37,34,44,31,40,42,37,40,40,32,36,36,20,19,10,44
242,Q9,0,0,0,0,0,0,0,0,0,0,0,0,0,0,0,0,13,38,20,14,6,29,7,0,38
243,QM1,0,0,0,0,0,0,0,0,0,0,0,0,0,0,0,0,0,0,0,0,0,0,0,0,0
244,QM10,0,0,0,0,0,0,0,0,0,0,0,0,0,0,0,0,0,0,0,0,0,0,0,0,0
245,QM11,0,0,0,0,0,0,0,0,0,0,0,0,0,0,0,0,0,0,0,0,0,0,0,0,0
246,QM12,0,0,0,0,0,0,0,0,0,0,0,0,0,0,0,0,0,0,0,0,0,0,0,0,0
247,QM15,0,0,0,0,0,0,0,0,0,0,0,0,0,0,0,0,0,0,0,0,0,0,0,0,0
248,QM16,0,0,0,0,0,0,0,0,0,0,0,0,0,0,0,0,0,0,0,0,0,0,0,0,0
249,QM17,0,0,0,0,0,0,0,0,0,0,0,0,0,0,0,0,0,0,0,0,0,0,0,0,0
250,QM18,0,0,0,0,0,0,0,0,0,0,0,0,0,0,0,0,0,0,0,0,0,0,0,0,0
251,QM2,0,0,0,0,0,0,0,0,0,0,0,0,0,0,0,0,0,0,0,0,0,0,0,0,0
252,QM20,0,0,0,0,0,0,0,0,0,0,0,0,0,0,0,0,0,0,0,0,0,0,0,0,0
253,QM21,0,0,0,0,0,0,0,0,0,0,0,0,0,0,0,0,0,0,0,0,0,0,0,0,0
254,QM24,0,0,0,0,0,0,0,0,0,0,0,0,0,0,0,0,0,0,0,0,0,0,0,0,0
255,QM25,0,0,0,0,0,0,0,0,0,0,0,0,0,0,0,0,0,0,0,0,0,0,0,0,0
256,QM3,0,0,0,0,0,0,0,0,0,0,0,0,0,0,0,0,0,0,0,0,0,0,0,0,0
257,QM31,0,0,0,0,0,0,0,0,0,0,0,0,0,0,0,0,0,0,0,0,0,0,0,0,0
258,QM32,0,0,0,0,0,0,0,0,5,4,0,0,0,0,0,0,0,0,0,0,0,0,0,0,5
259,QM34,0,0,0,0,0,0,0,0,0,0,0,0,0,0,0,0,0,0,0,0,0,0,0,0,0
260,QM35,0,0,0,0,0,0,0,0,0,0,0,0,0,0,0,0,0,0,0,0,0,0,0,0,0
261,QM36,0,0,0,0,0,0,0,0,0,0,0,0,0,0,0,0,0,0,0,0,0,0,0,0,0
262,QM4,0,0,0,0,0,0,0,0,0,0,0,0,0,0,0,0,0,0,0,0,0,0,0,0,0
263,QM40,0,0,0,0,0,0,0,0,0,0,0,0,0,0,0,0,0,0,0,0,0,0,0,0,0
264,QM42,0,0,0,0,0,0,0,0,0,0,0,0,0,0,0,0,0,0,0,0,0,0,0,0,0
265,QM44,0,0,0,0,0,0,0,0,0,0,0,0,0,0,0,0,0,0,0,0,0,0,0,0,0
266,QM5,0,0,0,0,0,0,0,0,0,0,0,0,0,0,0,0,0,0,0,0,0,0,0,0,0
267,QM6,0,0,0,0,0,0,0,0,0,0,0,0,0,0,0,0,0,0,0,0,0,0,0,0,0
268,QM7,0,0,0,0,0,0,0,0,0,0,0,0,0,0,0,0,0,0,0,0,0,0,0,0,0
269,QM8,0,0,0,0,0,0,0,0,0,0,0,0,0,0,0,0,0,0,0,0,0,0,0,0,0
270,S40,35,41,32,28,45,53,61,49,33,25,47,45,43,31,41,36,56,58,70,56,56,47,30,32,70
271,S42,18,21,0,0,0,16,10,10,5,5,1,0,0,12,13,15,24,26,25,19,17,18,17,16,26
272,S44,17,2,0,0,20,33,26,33,28,25,27,32,30,34,37,43,57,56,38,35,32,32,28,32,57
273,S46,22,32,21,10,32,38,37,27,26,22,24,29,30,34,34,42,42,36,44,37,44,27,26,29,44
274,S48,24,17,12,8,27,35,30,35,34,34,40,70,72,89,48,44,53,47,33,32,33,26,33,25,89
275,S51,18,13,8,6,15,30,27,24,28,18,20,19,21,26,28,34,34,34,23,39,17,15,17,19,39
276,S52,15,4,2,0,16,16,14,20,14,17,20,19,25,24,21,28,30,34,24,27,25,27,18,17,34
277,S53,38,23,19,12,27,51,41,43,40,41,42,52,35,37,46,52,51,50,56,52,53,39,35,32,56
278,S54,0,0,0,0,0,1,13,11,17,11,12,9,11,14,16,17,15,17,11,8,8,6,5,0,17
279,S55,0,0,0,0,0,0,5,6,8,8,7,6,7,6,8,8,8,6,4,3,0,0,0,0,8
280,S56,0,0,0,0,0,0,7,7,9,11,7,7,7,7,17,12,11,11,14,4,0,0,0,0,17
281,S57,3,0,0,0,0,0,21,17,25,19,11,13,13,17,21,27,23,21,16,12,12,8,8,7,27
282,S59,12,6,0,0,6,18,25,33,34,28,27,31,19,31,33,40,37,35,31,32,33,19,17,13,40
283,S61,8,0,0,0,4,21,26,25,25,29,46,26,22,25,29,30,25,24,28,27,24,19,19,10,46
284,S62,12,28,13,12,22,23,35,28,21,17,19,14,17,26,22,32,33,27,22,31,18,17,22,13,35
285,S66,7,3,0,0,0,4,10,12,10,8,14,6,12,8,12,15,14,17,16,12,11,8,9,13,17
286,S74,33,33,29,7,24,39,39,37,32,25,28,29,24,36,32,40,37,42,39,39,27,33,30,18,42
287,S76,10,0,0,0,4,22,21,22,26,26,34,23,24,31,40,42,39,37,45,36,36,24,20,20,45
288,S78,23,20,17,11,16,27,31,37,32,28,34,28,28,34,35,33,41,27,33,28,25,24,30,19,41
289,S79-SBS,18,5,0,0,27,33,41,51,47,44,74,68,46,45,58,44,51,51,69,48,41,35,42,45,74
290,S81,0,0,0,0,0,0,0,0,0,0,0,0,0,0,0,0,20,16,25,1,0,11,0,0,25
291,S84,0,0,0,0,0,0,0,0,0,0,0,0,0,0,0,13,16,19,13,4,10,17,5,0,19
292,S86,0,0,0,0,0,0,0,0,0,0,0,0,0,0,0,0,27,27,16,0,0,0,0,0,27
293,S89,0,0,0,0,0,4,12,15,12,15,5,0,0,0,0,6,9,13,12,8,5,0,0,0,15
294,S90,0,0,0,0,14,40,59,35,25,0,0,0,0,0,0,28,42,53,38,26,18,29,23,23,59
295,S91,0,0,0,0,0,0,19,21,18,10,0,0,0,0,0,0,23,23,18,19,6,0,0,0,23
296,S92,0,0,0,0,0,2,16,15,15,8,0,0,0,0,0,0,20,20,17,13,0,0,0,0,20
297,S93,0,0,0,0,0,5,23,23,24,29,19,16,25,25,20,30,34,30,29,15,18,16,14,0,34
298,S94,0,0,0,0,0,0,16,18,13,0,0,0,0,0,0,10,30,56,20,9,7,13,9,0,56
299,S96,0,0,0,0,0,12,18,22,15,0,0,0,0,0,0,17,26,36,26,18,22,14,12,21,36
300,S98,0,0,0,0,0,0,13,34,25,0,0,0,0,0,0,1,29,32,27,18,16,19,10,0,34
301,SIM1,0,0,0,0,0,26,31,28,22,22,0,0,0,0,6,46,37,32,26,22,6,0,0,0,46
302,SIM10,0,0,0,0,19,29,30,19,28,16,0,0,0,0,31,28,34,34,25,19,3,0,0,0,34
303,SIM11,0,0,0,0,8,27,26,24,26,14,11,0,0,0,0,19,23,16,17,10,1,0,0,0,27
304,SIM15,0,0,0,0,1,21,22,24,15,15,6,0,0,0,0,16,17,22,11,7,4,0,0,0,24
305,SIM1C,39,22,12,11,25,30,37,30,32,32,23,35,35,42,42,41,25,29,38,30,29,27,27,34,42
306,SIM2,0,0,0,0,11,22,30,21,13,10,0,0,0,0,26,28,21,21,19,9,5,2,0,0,30
307,SIM22,0,0,0,0,0,25,27,21,17,17,9,0,0,0,0,29,25,22,15,11,6,0,0,0,29
308,SIM25,0,0,0,0,17,25,23,25,19,11,1,0,0,0,0,24,19,19,17,15,10,2,0,0,25
309,SIM26,0,0,0,0,28,30,30,20,18,18,0,0,0,0,28,28,25,22,19,9,6,5,0,0,30
310,SIM3,0,0,0,0,0,27,29,17,17,11,9,0,0,2,4,27,22,19,18,12,0,0,0,0,29
311,SIM30,0,0,0,0,0,30,28,27,16,13,0,0,0,0,0,3,26,24,14,9,3,0,0,0,30
312,SIM31,0,0,0,0,0,17,28,26,16,13,0,0,0,0,0,17,26,15,17,23,8,0,0,0,28
313,SIM32,0,0,0,0,0,0,11,16,15,11,0,0,0,0,0,7,17,15,12,6,0,0,0,0,17
314,SIM33,0,0,0,0,0,21,25,25,13,8,0,0,0,0,10,14,11,15,13,10,2,0,0,0,25
315,SIM33C,25,10,10,0,0,15,29,35,26,26,24,18,29,25,38,31,42,39,34,20,21,19,19,25,42
316,SIM34,0,0,0,0,10,26,31,25,22,13,1,0,0,0,3,26,32,29,18,19,0,0,0,0,32
317,SIM35,0,0,0,0,0,15,15,12,15,8,0,0,0,0,0,9,15,17,13,5,0,0,0,0,17
318,SIM3C,27,11,3,0,0,15,23,28,14,15,15,11,16,28,34,26,19,18,19,26,23,25,25,27,34
319,SIM4,0,0,0,0,0,18,23,22,21,18,12,0,0,0,0,4,24,22,19,16,5,0,0,0,24
320,SIM4C,20,12,1,0,20,30,32,20,21,23,18,20,26,36,30,30,25,20,23,25,21,17,14,24,36
321,SIM4X,0,0,0,0,0,0,13,8,5,0,0,0,0,0,0,0,14,11,9,1,0,0,0,0,14
322,SIM5,0,0,0,0,1,12,16,13,17,13,1,0,0,0,0,19,17,15,11,7,0,0,0,0,19
323,SIM6,0,0,0,0,9,25,28,26,23,16,7,0,0,0,22,23,28,26,14,17,13,3,0,0,28
324,SIM7,0,0,0,0,0,19,19,17,17,5,0,0,0,0,22,22,20,11,15,13,5,0,0,0,22
325,SIM8,0,0,0,0,25,31,31,24,23,17,10,0,0,18,35,32,27,26,23,17,14,8,4,0,35
326,SIM8X,0,0,0,0,0,0,13,11,11,3,0,0,0,0,0,0,14,14,7,5,2,0,0,0,14
327,SIM9,0,0,0,0,0,11,14,11,11,8,0,0,0,0,8,12,11,8,6,6,3,0,0,0,14
328,X27,16,2,0,0,0,16,21,17,15,17,23,15,15,20,28,30,31,26,13,16,14,13,13,16,31
329,X28,5,1,0,0,0,28,27,21,21,16,16,11,10,21,15,25,27,21,17,16,14,12,9,8,28
330,X37,0,0,0,0,0,0,16,20,25,14,0,0,0,0,0,8,24,23,21,20,7,0,0,0,25
331,X38,0,0,0,0,0,0,15,25,19,18,0,0,0,0,0,16,21,25,18,19,0,0,0,0,25
332,X63,0,0,0,0,0,21,25,18,13,12,0,0,0,0,0,11,21,20,15,14,6,0,0,0,25
333,X64,0,0,0,0,0,11,19,13,10,5,0,0,0,0,0,0,20,20,15,12,2,0,0,0,20
334,X68,0,0,0,0,0,0,20,20,17,11,4,0,0,0,0,0,24,23,18,17,10,1,0,0,24
